study,author,year,n_1,n_2,yi,paper,n_t
neuroscience,Sampath,2010,10,14,0.325657672,Sampath_2010,24
neuroscience,Caldji,1998,10,6,6.102189737,Caldji_1998,16
neuroscience,Caldji,1998,7,8,2.53269838,Caldji_1998,15
neuroscience,Wigger,1999,8,9,2.465491353,Wigger_1999,17
neuroscience,Wigger,1999,9,9,0.802581556,Wigger_1999,18
neuroscience,Wigger,1999,8,9,-0.047485139,Wigger_1999,17
neuroscience,Wigger,1999,9,9,-0.346506904,Wigger_1999,18
neuroscience,Lehmann,1999,12,12,-0.117941529,Lehmann_1999,24
neuroscience,Lehmann,1999,12,12,0.209729844,Lehmann_1999,24
neuroscience,Lehmann,1999,12,12,-0.635537428,Lehmann_1999,24
neuroscience,Lehmann,1999,12,12,-0.01698879,Lehmann_1999,24
neuroscience,Lehmann,1999,8,8,-0.074250487,Lehmann_1999,16
neuroscience,Lehmann,1999,8,8,0.448996503,Lehmann_1999,16
neuroscience,Lehmann,1999,8,8,1.008061917,Lehmann_1999,16
neuroscience,Lehmann,1999,8,8,0.222108044,Lehmann_1999,16
neuroscience,Caldji,2000,8,9,-0.474187774,Caldji_2000,17
neuroscience,Caldji,2000,9,9,-0.86894388,Caldji_2000,18
neuroscience,Huot,2001,12,13,3.172399572,Huot_2001,25
neuroscience,Shalev,2002,15,16,-0.095750617,Shalev_2002,31
neuroscience,Ploj,2002,13,13,-0.997397749,Ploj_2002,26
neuroscience,Huot RL,2002,4,6,4.223741063,Huot RL_2002,10
neuroscience,Huang,2002,8,9,-0.160225163,Huang_2002,17
neuroscience,Venerosi,2003,8,9,-0.73658149,Venerosi_2003,17
neuroscience,Bredy,2003,9,9,1.337067261,Bredy_2003,18
neuroscience,Bredy,2003,9,9,-0.381372655,Bredy_2003,18
neuroscience,Romeo,2003,11,18,0.747503526,Romeo_2003,29
neuroscience,Romeo,2003,5,8,-0.963933325,Romeo_2003,13
neuroscience,Romeo,2003,6,8,-0.257670061,Romeo_2003,14
neuroscience,Pryce,2003,8,8,0.253821595,Pryce_2003,16
neuroscience,Pryce,2003,8,8,-0.84174384,Pryce_2003,16
neuroscience,Pryce,2003,6,6,0.713618034,Pryce_2003,12
neuroscience,Pryce,2003,6,6,0.512340042,Pryce_2003,12
neuroscience,Pryce,2003,6,6,-0.914284765,Pryce_2003,12
neuroscience,Pryce,2003,6,6,-0.415432333,Pryce_2003,12
neuroscience,Pryce,2003,6,6,0.438441198,Pryce_2003,12
neuroscience,Pryce,2003,6,6,-0.863319495,Pryce_2003,12
neuroscience,Pryce,2003,6,6,0.247380126,Pryce_2003,12
neuroscience,Pryce,2003,6,6,-0.050213963,Pryce_2003,12
neuroscience,Barna,2003,9,9,-0.805712138,Barna_2003,18
neuroscience,Barna,2003,9,9,-0.070415178,Barna_2003,18
neuroscience,Barna,2003,10,10,1.973777617,Barna_2003,20
neuroscience,Barna,2003,10,10,0.618615836,Barna_2003,20
neuroscience,Parfitt,2004,25,15,0.125094285,Parfitt_2004,40
neuroscience,Zimmerberg,2004,6,6,-0.346420986,Zimmerberg_2004,12
neuroscience,Zimmerberg,2004,6,6,-0.365440727,Zimmerberg_2004,12
neuroscience,Zimmerberg,2004,6,6,-0.63636658,Zimmerberg_2004,12
neuroscience,Zimmerberg,2004,6,6,-0.024234576,Zimmerberg_2004,12
neuroscience,Ruedi-Bettschen,2005,8,8,0.025156295,Ruedi-Bettschen_2005,16
neuroscience,Ruedi-Bettschen,2005,8,8,-0.552129935,Ruedi-Bettschen_2005,16
neuroscience,Ruedi-Bettschen,2005,8,8,-0.16196671,Ruedi-Bettschen_2005,16
neuroscience,Ruedi-Bettschen,2005,8,8,0.921655536,Ruedi-Bettschen_2005,16
neuroscience,Ruedi-Bettschen,2005,8,8,-0.524351289,Ruedi-Bettschen_2005,16
neuroscience,Ruedi-Bettschen,2005,8,8,-0.567172638,Ruedi-Bettschen_2005,16
neuroscience,Ruedi-Bettschen,2005,8,8,-0.605158457,Ruedi-Bettschen_2005,16
neuroscience,Ruedi-Bettschen,2005,8,8,-0.442887422,Ruedi-Bettschen_2005,16
neuroscience,Ruedi-Bettschen,2005,8,8,-0.293033244,Ruedi-Bettschen_2005,16
neuroscience,Ruedi-Bettschen,2005,8,8,-0.86521287,Ruedi-Bettschen_2005,16
neuroscience,Ruedi-Bettschen,2005,8,8,0.723186691,Ruedi-Bettschen_2005,16
neuroscience,Ruedi-Bettschen,2005,8,8,0.134314957,Ruedi-Bettschen_2005,16
neuroscience,Ruedi-Bettschen,2005,8,8,0.300083829,Ruedi-Bettschen_2005,16
neuroscience,Ruedi-Bettschen,2005,8,8,0.032192479,Ruedi-Bettschen_2005,16
neuroscience,Ruedi-Bettschen,2005,8,8,0.854590031,Ruedi-Bettschen_2005,16
neuroscience,Ruedi-Bettschen,2005,8,8,0.949945055,Ruedi-Bettschen_2005,16
neuroscience,Mintz,2005,8,8,0,Mintz_2005,16
neuroscience,Mintz,2005,8,8,-0.610632424,Mintz_2005,16
neuroscience,Kosten,2005,9,10,0.191582875,Kosten_2005,19
neuroscience,Kosten,2005,9,10,-0.172197837,Kosten_2005,19
neuroscience,Kosten,2005,9,10,0.020925051,Kosten_2005,19
neuroscience,Kosten,2005,9,10,-0.739200167,Kosten_2005,19
neuroscience,Kosten,2005,9,10,-0.265507912,Kosten_2005,19
neuroscience,Kosten,2005,9,10,-0.447625034,Kosten_2005,19
neuroscience,Fries,2004,7,8,1.113841849,Fries_2004,15
neuroscience,Park,2005,6,6,1.891782323,Park_2005,12
neuroscience,Suarez,2004,7,10,-0.445680472,Suarez_2004,17
neuroscience,Suarez,2004,6,16,-0.243165801,Suarez_2004,22
neuroscience,Renard,2005,9,7,0.857005684,Renard_2005,16
neuroscience,Renard,2005,14,6,-0.399616497,Renard_2005,20
neuroscience,Renard,2005,7,10,-0.407042487,Renard_2005,17
neuroscience,Renard,2005,6,16,-0.262589893,Renard_2005,22
neuroscience,Madruga,2006,15,15,0.045742642,Madruga_2006,30
neuroscience,Madruga,2006,13,16,0.414464343,Madruga_2006,29
neuroscience,Brunson,2005,8,11,-0.237931504,Brunson_2005,19
neuroscience,Brunson,2005,8,11,-0.200982486,Brunson_2005,19
neuroscience,Brunson,2005,8,11,0.88118124,Brunson_2005,19
neuroscience,Brunson,2005,9,15,0.177595744,Brunson_2005,24
neuroscience,Kosten,2006,8,6,0.134829651,Kosten_2006,14
neuroscience,Kosten,2006,8,6,-0.906474384,Kosten_2006,14
neuroscience,Kosten,2006,8,6,0.183218036,Kosten_2006,14
neuroscience,Kosten,2006,8,6,-0.669874142,Kosten_2006,14
neuroscience,Kosten,2006,8,6,-0.32793112,Kosten_2006,14
neuroscience,Kosten,2006,8,6,0.333723558,Kosten_2006,14
neuroscience,Slotten,2006,22,21,0.143158286,Slotten_2006,43
neuroscience,Slotten,2006,25,24,0.541112893,Slotten_2006,49
neuroscience,Roman,2006,15,15,0.125604996,Roman_2006,30
neuroscience,Schable,2007,9,9,-0.43994454,Schable_2007,18
neuroscience,Schable,2007,9,9,0.021114328,Schable_2007,18
neuroscience,Schable,2007,9,8,0.060913226,Schable_2007,17
neuroscience,Schable,2007,9,9,-0.037637463,Schable_2007,18
neuroscience,Millstein,2007,13,13,-0.314296292,Millstein_2007,26
neuroscience,Millstein,2007,13,13,-0.878901418,Millstein_2007,26
neuroscience,Millstein,2007,13,13,0.279988903,Millstein_2007,26
neuroscience,Millstein,2007,13,13,1.031704532,Millstein_2007,26
neuroscience,Millstein,2007,13,13,1.053442497,Millstein_2007,26
neuroscience,Millstein,2007,13,13,-0.658011672,Millstein_2007,26
neuroscience,Millstein,2007,13,13,0.068843063,Millstein_2007,26
neuroscience,Millstein,2007,13,13,-0.518321822,Millstein_2007,26
neuroscience,Millstein,2007,13,13,-0.171180498,Millstein_2007,26
neuroscience,Millstein,2007,13,13,-0.37414062,Millstein_2007,26
neuroscience,Millstein,2007,14,15,-0.308770379,Millstein_2007,29
neuroscience,Millstein,2007,14,15,-0.652213152,Millstein_2007,29
neuroscience,Millstein,2007,14,15,0.244567457,Millstein_2007,29
neuroscience,Millstein,2007,14,15,0.443544804,Millstein_2007,29
neuroscience,Millstein,2007,14,15,0.26410751,Millstein_2007,29
neuroscience,Millstein,2007,14,15,-0.126583807,Millstein_2007,29
neuroscience,Millstein,2007,14,15,-0.080454703,Millstein_2007,29
neuroscience,Millstein,2007,14,15,-0.858822247,Millstein_2007,29
neuroscience,Millstein,2007,14,15,-0.113589705,Millstein_2007,29
neuroscience,Millstein,2007,14,15,0.164397029,Millstein_2007,29
neuroscience,Millstein,2007,14,15,0.086618818,Millstein_2007,29
neuroscience,Millstein,2007,14,15,-0.549483461,Millstein_2007,29
neuroscience,Millstein,2007,14,15,-0.254860163,Millstein_2007,29
neuroscience,Millstein,2007,14,15,-0.606851329,Millstein_2007,29
neuroscience,Millstein,2007,14,15,-0.538564935,Millstein_2007,29
neuroscience,Millstein,2007,14,15,-0.259581835,Millstein_2007,29
neuroscience,Millstein,2007,14,15,-0.137394229,Millstein_2007,29
neuroscience,Millstein,2007,14,15,-0.410255001,Millstein_2007,29
neuroscience,Millstein,2007,14,15,-0.325285048,Millstein_2007,29
neuroscience,Millstein,2007,14,15,0.721999887,Millstein_2007,29
neuroscience,Millstein,2007,14,15,-0.236661852,Millstein_2007,29
neuroscience,Millstein,2007,14,15,0.298324454,Millstein_2007,29
neuroscience,Millstein,2007,14,15,0.061344446,Millstein_2007,29
neuroscience,Millstein,2007,14,15,-0.308375174,Millstein_2007,29
neuroscience,Millstein,2007,14,15,0.361726365,Millstein_2007,29
neuroscience,Millstein,2007,14,15,-0.51407699,Millstein_2007,29
neuroscience,Millstein,2007,14,15,-0.282273296,Millstein_2007,29
neuroscience,Millstein,2007,14,15,-0.131887353,Millstein_2007,29
neuroscience,Millstein,2007,14,15,-0.157923571,Millstein_2007,29
neuroscience,Millstein,2007,14,15,-0.334678577,Millstein_2007,29
neuroscience,Veenema,2006,8,11,1.103726902,Veenema_2006,19
neuroscience,Veenema,2006,8,10,1.524463854,Veenema_2006,18
neuroscience,Veenema,2006,8,11,1.111146182,Veenema_2006,19
neuroscience,Ruedi-Bettschen,2006,8,8,-0.181428113,Ruedi-Bettschen_2006,16
neuroscience,Ruedi-Bettschen,2006,8,8,2.929063517,Ruedi-Bettschen_2006,16
neuroscience,Aisa,2007,10,10,0.459442519,Aisa_2007,20
neuroscience,Aisa,2007,10,10,-1.1189948,Aisa_2007,20
neuroscience,Aisa,2007,10,10,0.652816888,Aisa_2007,20
neuroscience,Aisa,2007,10,10,1.330788676,Aisa_2007,20
neuroscience,Aisa,2007,12,12,1.217779439,Aisa_2007,24
neuroscience,Diehl,2007,12,12,0.086934037,Diehl_2007,24
neuroscience,Diehl,2007,12,12,0.022137309,Diehl_2007,24
neuroscience,Diehl,2007,12,12,0.707267546,Diehl_2007,24
neuroscience,Diehl,2007,12,12,-0.313386315,Diehl_2007,24
neuroscience,Diehl,2007,12,12,0.333128445,Diehl_2007,24
neuroscience,Diehl,2007,12,12,-0.435471248,Diehl_2007,24
neuroscience,Veenema AH,2007,18,29,0.884389795,Veenema AH_2007,47
neuroscience,Veenema AH,2007,20,18,1.189798978,Veenema AH_2007,38
neuroscience,Veenema AH,2007,18,29,0.070224513,Veenema AH_2007,47
neuroscience,Veenema AH,2007,20,18,1.263084244,Veenema AH_2007,38
neuroscience,Veenema AH,2007,18,20,-0.700400483,Veenema AH_2007,38
neuroscience,Faure,2007,10,10,0.677158283,Faure_2007,20
neuroscience,Faure,2007,10,10,0.350786397,Faure_2007,20
neuroscience,Kosten,2007,9,9,1.110246196,Kosten_2007,18
neuroscience,Kosten,2007,10,10,0.853969715,Kosten_2007,20
neuroscience,Kosten,2007,14,14,-0.241127783,Kosten_2007,28
neuroscience,Kosten,2007,18,18,0.309526301,Kosten_2007,36
neuroscience,Kosten,2007,15,11,0.636253739,Kosten_2007,26
neuroscience,Kosten,2007,16,11,0.760829214,Kosten_2007,27
neuroscience,Uriarte,2007,10,9,0.658220929,Uriarte_2007,19
neuroscience,Uriarte,2007,9,8,1.001315232,Uriarte_2007,17
neuroscience,Parfitt,2007,5,11,-0.310210406,Parfitt_2007,16
neuroscience,Parfitt,2007,5,11,-0.378307297,Parfitt_2007,16
neuroscience,Parfitt,2007,5,10,0.078986891,Parfitt_2007,15
neuroscience,Parfitt,2007,5,10,-0.06564243,Parfitt_2007,15
neuroscience,Parfitt,2007,5,11,0.398744154,Parfitt_2007,16
neuroscience,Parfitt,2007,5,11,-0.175939025,Parfitt_2007,16
neuroscience,Parfitt,2007,5,10,0.669730891,Parfitt_2007,15
neuroscience,Parfitt,2007,5,10,-0.109486796,Parfitt_2007,15
neuroscience,Parfitt,2007,5,10,-0.076165524,Parfitt_2007,15
neuroscience,Parfitt,2007,5,10,-1.449956422,Parfitt_2007,15
neuroscience,Parfitt,2007,5,10,-0.15405732,Parfitt_2007,15
neuroscience,Parfitt,2007,5,10,-0.432998764,Parfitt_2007,15
neuroscience,Guijarro,2007,20,27,-0.601962354,Guijarro_2007,47
neuroscience,Guijarro,2007,16,25,-0.649663207,Guijarro_2007,41
neuroscience,Guijarro,2007,8,8,-0.600826862,Guijarro_2007,16
neuroscience,Barha,2007,8,8,-0.273263675,Barha_2007,16
neuroscience,Barha,2007,8,8,-1.495390108,Barha_2007,16
neuroscience,Imanaka,2008,14,14,0.72591939,Imanaka_2008,28
neuroscience,Imanaka,2008,15,16,2.431127313,Imanaka_2008,31
neuroscience,Imanaka,2008,12,16,0.343393604,Imanaka_2008,28
neuroscience,Imanaka,2008,12,13,1.44182236,Imanaka_2008,25
neuroscience,Enthoven,2008,10,10,0.40288488,Enthoven_2008,20
neuroscience,Enthoven,2008,10,10,0.360493299,Enthoven_2008,20
neuroscience,Veenema,2008,12,13,-0.409120433,Veenema_2008,25
neuroscience,Veenema,2008,16,15,-0.165085737,Veenema_2008,31
neuroscience,Marais,2008,7,7,0.850744608,Marais_2008,14
neuroscience,Marais,2008,7,7,0.26508456,Marais_2008,14
neuroscience,Toth,2008,10,10,-1.182492053,Toth_2008,20
neuroscience,Toth,2008,10,10,1.47590214,Toth_2008,20
neuroscience,Toth,2008,10,10,-6.366331081,Toth_2008,20
neuroscience,Toth,2008,10,10,-6.010670127,Toth_2008,20
neuroscience,Toth,2008,10,10,1.853191402,Toth_2008,20
neuroscience,Toth,2008,10,10,0.163634512,Toth_2008,20
neuroscience,Choy,2008,10,9,-0.169369653,Choy_2008,19
neuroscience,Choy,2008,10,9,0.077522593,Choy_2008,19
neuroscience,Choy,2008,8,8,0.782202696,Choy_2008,16
neuroscience,Macri,2008,6,14,0.283224832,Macri_2008,20
neuroscience,Champagne DL,2008,7,6,1.573862804,Champagne DL_2008,13
neuroscience,Champagne DL,2008,8,6,-0.136416911,Champagne DL_2008,14
neuroscience,Aisa,2008,10,10,0.706662568,Aisa_2008,20
neuroscience,Aisa,2008,10,10,-0.400580592,Aisa_2008,20
neuroscience,Aisa,2008,12,12,1.526912223,Aisa_2008,24
neuroscience,Rice,2008,10,13,-0.423344874,Rice_2008,23
neuroscience,Rice,2008,6,8,1.574079637,Rice_2008,14
neuroscience,Rice,2008,10,13,-0.281592458,Rice_2008,23
neuroscience,Benetti,2009,10,12,2.427651047,Benetti_2009,22
neuroscience,Benetti,2009,10,10,1.131706226,Benetti_2009,20
neuroscience,Benetti,2009,10,10,1.519588774,Benetti_2009,20
neuroscience,Benetti,2009,10,10,0.188208286,Benetti_2009,20
neuroscience,Troakes,2009,9,11,0.186947697,Troakes_2009,20
neuroscience,Lambï,2009,8,8,1.477874509,Lambï_2009,16
neuroscience,Lambï,2009,13,17,0.706700704,Lambï_2009,30
neuroscience,Cotella,2009,11,7,1.027888476,Cotella_2009,18
neuroscience,Cotella,2009,10,11,-0.590835717,Cotella_2009,21
neuroscience,Bagot,2009,12,10,0.782932862,Bagot_2009,22
neuroscience,Bagot,2009,12,10,-0.309980623,Bagot_2009,22
neuroscience,Aisa,2009,10,10,1.756472884,Aisa_2009,20
neuroscience,Mello,2009,13,13,-0.649214899,Mello_2009,26
neuroscience,Mello,2009,13,13,0.776111565,Mello_2009,26
neuroscience,Mello,2009,13,13,-20.63251861,Mello_2009,26
neuroscience,Aisa,2009,10,10,-1.677898073,Aisa_2009,20
neuroscience,Stevenson,2009,20,21,0.010135956,Stevenson_2009,41
neuroscience,Grace,2009,13,11,0.331483323,Grace_2009,24
neuroscience,Grace,2009,13,9,0.010928588,Grace_2009,22
neuroscience,Grace,2009,13,11,0.842779756,Grace_2009,24
neuroscience,Trujillo,2009,9,9,-0.017682148,Trujillo_2009,18
neuroscience,Trujillo,2009,7,9,-0.051841496,Trujillo_2009,16
neuroscience,Esquivel,2009,4,4,0.326911966,Esquivel_2009,8
neuroscience,Maniam,2010,9,10,-1.649337195,Maniam_2010,19
neuroscience,Maniam,2010,9,10,-0.013959891,Maniam_2010,19
neuroscience,Maniam,2010,9,10,-1.364397631,Maniam_2010,19
neuroscience,Maniam,2010,9,10,-0.118844029,Maniam_2010,19
neuroscience,O'Malley,2010,5,5,1.075277691,O'Malley_2010,10
neuroscience,Oomen,2010,10,10,0.551380554,Oomen_2010,20
neuroscience,Oomen,2010,10,10,0.92171369,Oomen_2010,20
neuroscience,Oomen,2010,10,10,1.322155488,Oomen_2010,20
neuroscience,Oomen,2010,10,10,-0.246022912,Oomen_2010,20
neuroscience,Mourlon,2010,10,10,-0.220875335,Mourlon_2010,20
neuroscience,Mourlon,2010,10,10,0.09290535,Mourlon_2010,20
neuroscience,Mourlon,2010,12,12,-0.359785221,Mourlon_2010,24
neuroscience,Mourlon,2010,12,12,0.235720687,Mourlon_2010,24
neuroscience,Mourlon,2010,12,12,-0.05287991,Mourlon_2010,24
neuroscience,Mourlon,2010,12,12,0.375235946,Mourlon_2010,24
neuroscience,Oomen,2011,10,10,0.395234231,Oomen_2011,20
neuroscience,Oomen,2011,10,10,0.809959738,Oomen_2011,20
neuroscience,Oomen,2011,10,10,0.169444773,Oomen_2011,20
neuroscience,Oomen,2011,10,10,-0.478462552,Oomen_2011,20
neuroscience,Franklin,2010,14,29,0.725332737,Franklin_2010,43
neuroscience,Desbonnet,2010,11,7,1.402558153,Desbonnet_2010,18
neuroscience,Hulshof,2011,4,4,0.405503771,Hulshof_2011,8
neuroscience,Hulshof,2011,4,4,-0.157697708,Hulshof_2011,8
neuroscience,Hulshof,2011,8,8,-0.046728648,Hulshof_2011,16
neuroscience,Hulshof,2011,8,8,-1.11459929,Hulshof_2011,16
neuroscience,Hulshof,2011,8,8,0.030955627,Hulshof_2011,16
neuroscience,Hulshof,2011,8,8,-0.090791384,Hulshof_2011,16
neuroscience,Hulshof,2011,8,8,0.516701993,Hulshof_2011,16
neuroscience,Hulshof,2011,8,8,-0.98246078,Hulshof_2011,16
neuroscience,Hulshof,2011,8,8,-0.023215164,Hulshof_2011,16
neuroscience,Hulshof,2011,8,8,0.606513249,Hulshof_2011,16
neuroscience,Eiland,2012,24,22,0.65765834,Eiland_2012,46
neuroscience,Eiland,2012,24,22,0.65765834,Eiland_2012,46
neuroscience,Eiland,2012,12,12,0.217636554,Eiland_2012,24
neuroscience,Eiland,2012,12,12,1.039003152,Eiland_2012,24
neuroscience,Ivy,2010,20,13,1.536181995,Ivy_2010,33
neuroscience,Ivy,2010,23,15,1.620507349,Ivy_2010,38
neuroscience,Ivy,2010,20,13,-0.823000651,Ivy_2010,33
neuroscience,Ivy,2010,20,13,-1.079283548,Ivy_2010,33
neuroscience,Ivy,2010,23,15,-0.536398212,Ivy_2010,38
neuroscience,Ivy,2010,23,15,-1.194717386,Ivy_2010,38
neuroscience,Uchida,2010,13,13,-0.544541844,Uchida_2010,26
neuroscience,Uchida,2010,13,13,1.016069322,Uchida_2010,26
neuroscience,Uchida,2010,13,13,0.668560697,Uchida_2010,26
neuroscience,Uchida,2010,13,13,1.003321081,Uchida_2010,26
neuroscience,Bouet,2011,16,13,0.195245515,Bouet_2011,29
neuroscience,Bouet,2011,16,13,1.35030355,Bouet_2011,29
neuroscience,Bouet,2011,16,13,-0.507567956,Bouet_2011,29
neuroscience,Bouet,2011,16,13,-0.380675967,Bouet_2011,29
neuroscience,Reus,2011,12,12,3.288704352,Reus_2011,24
neuroscience,Lukas,2011,10,10,0.512488968,Lukas_2011,20
neuroscience,Lukas,2011,10,10,0.855781708,Lukas_2011,20
neuroscience,Lukas,2011,8,9,0.372336433,Lukas_2011,17
neuroscience,Mehta,2011,10,10,0.879856609,Mehta_2011,20
neuroscience,Mehta,2011,10,10,1.373901526,Mehta_2011,20
neuroscience,Mehta,2011,10,10,0.890593087,Mehta_2011,20
neuroscience,Mehta,2011,10,10,-0.788044277,Mehta_2011,20
neuroscience,Mehta,2011,8,8,0.353579601,Mehta_2011,16
neuroscience,Mehta,2011,8,8,0.289709249,Mehta_2011,16
neuroscience,Mehta,2011,8,8,0.353579601,Mehta_2011,16
neuroscience,Mehta,2011,8,8,0.289709249,Mehta_2011,16
neuroscience,Mehta,2011,8,8,0.223451206,Mehta_2011,16
neuroscience,Mehta,2011,8,8,0.17690488,Mehta_2011,16
neuroscience,Mehta,2011,8,8,0.17088475,Mehta_2011,16
neuroscience,Mehta,2011,8,8,0,Mehta_2011,16
neuroscience,Mehta,2011,4,4,-0.102191375,Mehta_2011,8
neuroscience,Mehta,2011,4,4,0.471535183,Mehta_2011,8
neuroscience,Mehta,2011,4,4,0.890711989,Mehta_2011,8
neuroscience,Mehta,2011,4,4,1.443085881,Mehta_2011,8
neuroscience,Weiss,2011,8,6,-0.906101885,Weiss_2011,14
neuroscience,Weiss,2011,6,7,-0.172381888,Weiss_2011,13
neuroscience,Weiss,2011,16,13,-0.470711886,Weiss_2011,29
neuroscience,Weiss,2011,7,7,0.406239301,Weiss_2011,14
neuroscience,Tsuda,2011,13,19,-0.900788104,Tsuda_2011,32
neuroscience,Tsuda,2011,13,19,-0.673987127,Tsuda_2011,32
neuroscience,Savignac,2011,15,15,-0.282434774,Savignac_2011,30
neuroscience,Savignac,2011,15,15,0.336665842,Savignac_2011,30
neuroscience,Savignac,2011,15,15,0.351698613,Savignac_2011,30
neuroscience,Savignac,2011,15,15,-0.213050075,Savignac_2011,30
neuroscience,Savignac,2011,15,15,-0.270273729,Savignac_2011,30
neuroscience,Savignac,2011,15,15,-0.258492949,Savignac_2011,30
neuroscience,Savignac,2011,15,15,0.006967312,Savignac_2011,30
neuroscience,Savignac,2011,15,15,-0.37383553,Savignac_2011,30
neuroscience,Savignac,2011,15,15,-0.258492949,Savignac_2011,30
neuroscience,Savignac,2011,15,15,0.130942377,Savignac_2011,30
neuroscience,Savignac,2011,15,15,-0.656805089,Savignac_2011,30
neuroscience,Savignac,2011,15,15,-0.041723709,Savignac_2011,30
neuroscience,Savignac,2011,15,15,-0.562347797,Savignac_2011,30
neuroscience,Savignac,2011,15,15,-0.218111353,Savignac_2011,30
neuroscience,Savignac,2011,15,15,0.31973812,Savignac_2011,30
neuroscience,Savignac,2011,15,15,-0.644395064,Savignac_2011,30
neuroscience,Savignac,2011,15,15,-0.136429844,Savignac_2011,30
neuroscience,Savignac,2011,15,15,-0.608655198,Savignac_2011,30
neuroscience,Savignac,2011,15,15,0.22127338,Savignac_2011,30
neuroscience,Savignac,2011,15,15,-0.210388368,Savignac_2011,30
neuroscience,Llorente-Berzal,2011,14,14,-1.342633081,Llorente-Berzal_2011,28
neuroscience,Llorente-Berzal,2011,14,14,0.063755048,Llorente-Berzal_2011,28
neuroscience,Zhu,2011,17,17,0.272130227,Zhu_2011,34
neuroscience,Zhu,2011,17,10,-0.147731339,Zhu_2011,27
neuroscience,Zhu,2011,17,17,0.088672428,Zhu_2011,34
neuroscience,Zhu,2011,17,10,0.016987813,Zhu_2011,27
neuroscience,Llorente-Berzal,2012,12,12,0.916585114,Llorente-Berzal_2012,24
neuroscience,Llorente-Berzal,2012,12,12,0.732288228,Llorente-Berzal_2012,24
neuroscience,Llorente-Berzal,2012,12,12,-0.431693595,Llorente-Berzal_2012,24
neuroscience,Llorente-Berzal,2012,12,12,0.151394743,Llorente-Berzal_2012,24
neuroscience,Lajud,2012,7,10,1.108918845,Lajud_2012,17
neuroscience,Lajud,2012,13,14,0.717839506,Lajud_2012,27
neuroscience,Wang,2011,15,15,-0.269633269,Wang_2011,30
neuroscience,Wang,2011,15,15,0.831119667,Wang_2011,30
neuroscience,Neto,2012,10,10,-0.376867742,Neto_2012,20
neuroscience,Neto,2012,6,9,-0.978256802,Neto_2012,15
neuroscience,Benekareddy,2011,5,6,1.759962601,Benekareddy_2011,11
neuroscience,Benekareddy,2011,5,6,1.217801451,Benekareddy_2011,11
neuroscience,Benetti,2012,9,9,-7.698857253,Benetti_2012,18
neuroscience,Benetti,2012,9,9,-0.494067727,Benetti_2012,18
neuroscience,Diehl,2012,8,9,-0.320196892,Diehl_2012,17
neuroscience,Diehl,2012,8,9,0.15811416,Diehl_2012,17
neuroscience,Oines,2012,12,12,0.264322332,Oines_2012,24
neuroscience,Zamberletti,2012,9,10,-0.349556418,Zamberletti_2012,19
neuroscience,Zamberletti,2012,9,10,0.91352791,Zamberletti_2012,19
neuroscience,Zamberletti,2012,9,10,-0.173203475,Zamberletti_2012,19
neuroscience,Zamberletti,2012,9,10,-0.144963555,Zamberletti_2012,19
neuroscience,Zamberletti,2012,9,10,0.92371769,Zamberletti_2012,19
neuroscience,Zamberletti,2012,9,10,1.399244864,Zamberletti_2012,19
neuroscience,Martisova,2012,10,10,1.276736892,Martisova_2012,20
neuroscience,Martisova,2012,10,10,1.16442148,Martisova_2012,20
neuroscience,Abelaira,2012,16,17,1.175796447,Abelaira_2012,33
neuroscience,Batalha,2013,7,7,-1.143973062,Batalha_2013,14
neuroscience,Batalha,2013,9,10,1.41189355,Batalha_2013,19
neuroscience,Makena,2012,11,11,0.613221487,Makena_2012,22
neuroscience,Makena,2012,11,11,0.770760883,Makena_2012,22
neuroscience,Makena,2012,11,11,-0.102415692,Makena_2012,22
neuroscience,Makena,2012,11,11,-0.392036203,Makena_2012,22
neuroscience,Makena,2012,11,11,-0.199906833,Makena_2012,22
neuroscience,Makena,2012,11,11,0.102189421,Makena_2012,22
neuroscience,Hohmann,2013,5,5,1.442221416,Hohmann_2013,10
neuroscience,Hohmann,2013,5,5,2.400215261,Hohmann_2013,10
neuroscience,Hohmann,2013,7,7,-0.422296806,Hohmann_2013,14
neuroscience,Hohmann,2013,7,7,-0.598100978,Hohmann_2013,14
neuroscience,Hohmann,2013,5,5,-0.628295885,Hohmann_2013,10
neuroscience,Zhang,2012,10,10,0.265533116,Zhang_2012,20
neuroscience,Takase,2012,10,14,2.0546724,Takase_2012,24
neuroscience,Takase,2012,14,15,-0.55070747,Takase_2012,29
neuroscience,Takase,2012,10,14,-0.153395568,Takase_2012,24
neuroscience,Takase,2012,14,15,0.401426564,Takase_2012,29
neuroscience,Takase,2012,10,14,0.278337385,Takase_2012,24
neuroscience,Takase,2012,14,15,-0.077829628,Takase_2012,29
neuroscience,Takase,2012,10,14,0.833107217,Takase_2012,24
neuroscience,Takase,2012,14,15,-0.021045305,Takase_2012,29
neuroscience,Klug,2012,11,11,0.503165646,Klug_2012,22
neuroscience,Klug,2012,11,11,-0.034122022,Klug_2012,22
neuroscience,Klug,2012,11,11,-0.335071363,Klug_2012,22
neuroscience,Klug,2012,11,11,-0.4814715,Klug_2012,22
neuroscience,Klug,2012,11,11,-0.151682594,Klug_2012,22
neuroscience,Klug,2012,11,11,0.210069867,Klug_2012,22
neuroscience,Wang,2012,11,9,0.989488542,Wang_2012,20
neuroscience,Wang,2012,10,10,1.504497026,Wang_2012,20
neuroscience,Wang,2012,10,7,0.478862715,Wang_2012,17
neuroscience,Babygirija,2012,10,9,3.460572791,Babygirija_2012,19
neuroscience,Baudin,2012,12,12,0,Baudin_2012,24
neuroscience,Baudin,2012,11,11,1.262618417,Baudin_2012,22
neuroscience,Kember,2012,14,10,-0.703228213,Kember_2012,24
neuroscience,Kember,2012,8,10,0.56885913,Kember_2012,18
neuroscience,Kember,2012,14,10,-0.270444019,Kember_2012,24
neuroscience,Kember,2012,8,10,0.156564409,Kember_2012,18
neuroscience,Kember,2012,10,10,-0.471993483,Kember_2012,20
neuroscience,Kember,2012,12,10,0.734056413,Kember_2012,22
neuroscience,Kember,2012,10,10,-0.159072644,Kember_2012,20
neuroscience,Kember,2012,12,10,0.322699415,Kember_2012,22
neuroscience,Dimatelis,2012,10,9,2.010470258,Dimatelis_2012,19
neuroscience,Dimatelis,2012,10,9,-1.176901924,Dimatelis_2012,19
neuroscience,Hernandez,2012,12,12,-1.174779181,Hernandez_2012,24
neuroscience,Bai,2012,6,6,1.101812752,Bai_2012,12
neuroscience,Dalle Molle R,2012,9,19,1.132369017,Dalle Molle R_2012,28
neuroscience,Dalle Molle R,2012,18,15,-0.057695681,Dalle Molle R_2012,33
neuroscience,Vivinetto,2013,11,7,-0.358125634,Vivinetto_2013,18
neuroscience,Vivinetto,2013,9,7,-1.481708016,Vivinetto_2013,16
neuroscience,Own,2013,7,8,-0.257040427,Own_2013,15
neuroscience,Own,2013,7,8,-0.056586192,Own_2013,15
neuroscience,Own,2013,30,29,-0.323841952,Own_2013,59
neuroscience,Own,2013,30,29,-0.306205141,Own_2013,59
neuroscience,Own,2013,30,29,-0.350057045,Own_2013,59
neuroscience,Own,2013,30,29,-0.062377638,Own_2013,59
neuroscience,Suri,2013,10,11,0.254523042,Suri_2013,21
neuroscience,Suri,2013,10,11,0.563561806,Suri_2013,21
neuroscience,Suri,2013,18,19,0.022971651,Suri_2013,37
neuroscience,Suri,2013,18,19,0.081544739,Suri_2013,37
neuroscience,Martisova,2013,10,10,1.343858366,Martisova_2013,20
neuroscience,Della,2013,13,14,1.002121532,Della_2013,27
neuroscience,Llido,2013,11,10,-0.579916346,Llido_2013,21
neuroscience,Clarke,2013,10,10,-0.275847676,Clarke_2013,20
neuroscience,Clarke,2013,10,10,2.157043849,Clarke_2013,20
neuroscience,Clarke,2013,12,12,-0.018538955,Clarke_2013,24
neuroscience,Zugno,2013,6,6,-0.172062033,Zugno_2013,12
neuroscience,Bailoo,2014,5.5,11,0.339434202,Bailoo_2014,16.5
neuroscience,Bailoo,2014,5.5,11,0.892184393,Bailoo_2014,16.5
neuroscience,Bailoo,2014,5.5,11,0.093066231,Bailoo_2014,16.5
neuroscience,Bailoo,2014,5.5,11,-0.114868342,Bailoo_2014,16.5
neuroscience,Machado,2013,12,12,0.296713383,Machado_2013,24
neuroscience,Zhang,2013,22,19,0.273715691,Zhang_2013,41
neuroscience,Zhang,2013,18,17,1.158373298,Zhang_2013,35
neuroscience,Reus,2013,13,14,0.84637202,Reus_2013,27
neuroscience,Suri,2014,11,11,0.289300118,Suri_2014,22
neuroscience,Suri,2014,11,11,-0.197356125,Suri_2014,22
neuroscience,Suri,2014,8,9,0.05520002,Suri_2014,17
neuroscience,Lejeune,2013,10,10,1.42941357,Lejeune_2013,20
neuroscience,Starr-Phillips,2014,15,15,0.674151752,Starr-Phillips_2014,30
neuroscience,Starr-Phillips,2014,15,15,-0.091485283,Starr-Phillips_2014,30
neuroscience,Starr-Phillips,2014,15,15,-0.141641829,Starr-Phillips_2014,30
neuroscience,Starr-Phillips,2014,15,15,-0.141641829,Starr-Phillips_2014,30
neuroscience,Starr-Phillips,2014,15,15,1.00654074,Starr-Phillips_2014,30
neuroscience,Starr-Phillips,2014,15,15,0.173005267,Starr-Phillips_2014,30
neuroscience,Starr-Phillips,2014,15,15,0.603324067,Starr-Phillips_2014,30
neuroscience,Starr-Phillips,2014,15,15,0.476637447,Starr-Phillips_2014,30
neuroscience,Daskalakis,2014,9.5,17,-0.313717943,Daskalakis_2014,26.5
neuroscience,Daskalakis,2014,9.5,17,-0.796605737,Daskalakis_2014,26.5
neuroscience,Daskalakis,2014,9.5,16,-0.050005817,Daskalakis_2014,25.5
neuroscience,Daskalakis,2014,9.5,16,0.278008494,Daskalakis_2014,25.5
neuroscience,Xue,2013,6,6,0.351094843,Xue_2013,12
neuroscience,Xue,2013,6,6,-0.221875921,Xue_2013,12
neuroscience,van Zyl,2014,15,17,-0.132070806,van Zyl_2014,32
neuroscience,van Zyl,2014,15,17,0.641595947,van Zyl_2014,32
neuroscience,Diehl,2014,7,8,2.814455794,Diehl_2014,15
neuroscience,Diehl,2014,7,8,4.662428875,Diehl_2014,15
neuroscience,Pierce,2014,6,5,-0.1479766,Pierce_2014,11
neuroscience,Pierce,2014,7,8,-1.408073672,Pierce_2014,15
neuroscience,Pierce,2014,8,8,-1.243608275,Pierce_2014,16
neuroscience,Pierce,2014,7,8,1.822274802,Pierce_2014,15
neuroscience,Harrison,2014,12,17,-0.214391009,Harrison_2014,29
neuroscience,Harrison,2014,12,17,-0.56636357,Harrison_2014,29
neuroscience,Harrison,2014,12,17,-0.060775203,Harrison_2014,29
neuroscience,Harrison,2014,12,17,0.777124349,Harrison_2014,29
neuroscience,Sun,2014,7,7,0.463930799,Sun_2014,14
neuroscience,Sun,2014,7,7,-0.098345218,Sun_2014,14
neuroscience,Sun,2014,7,7,-0.321059083,Sun_2014,14
neuroscience,Sun,2014,7,7,0.199536989,Sun_2014,14
neuroscience,Sun,2014,7,9,0.317027694,Sun_2014,16
neuroscience,Sun,2014,7,9,-0.578346396,Sun_2014,16
neuroscience,Sun,2014,7,9,-0.534691593,Sun_2014,16
neuroscience,Sun,2014,7,9,-0.428092242,Sun_2014,16
neuroscience,Xiong,2014,8,8,-0.286171852,Xiong_2014,16
neuroscience,Xiong,2014,8,8,0.442288521,Xiong_2014,16
neuroscience,Xiong,2014,8,9,-0.397356612,Xiong_2014,17
neuroscience,Xiong,2014,8,9,-0.429244822,Xiong_2014,17
neuroscience,Bai,2014,15,16,0.873909127,Bai_2014,31
neuroscience,Bai,2014,15,20,-2.939422844,Bai_2014,35
neuroscience,Bai,2014,15,17,0.676601449,Bai_2014,32
neuroscience,Bai,2014,11,10,3.363311836,Bai_2014,21
neuroscience,Hill,2014,9,11,-0.552441763,Hill_2014,20
neuroscience,Hill,2014,9,11,-0.097967579,Hill_2014,20
neuroscience,Hill,2014,9,11,-0.149097315,Hill_2014,20
neuroscience,Hill,2014,11,13,-0.215431473,Hill_2014,24
neuroscience,Hill,2014,11,13,-0.197601433,Hill_2014,24
neuroscience,Hill,2014,11,13,-0.069671174,Hill_2014,24
neuroscience,Toda,2014,11,11,0.525692406,Toda_2014,22
neuroscience,Toda,2014,11,11,0.837821369,Toda_2014,22
neuroscience,Toda,2014,11,11,-0.069778445,Toda_2014,22
neuroscience,Roque,2014,15,16,0.694591341,Roque_2014,31
neuroscience,Roque,2014,15,16,0.033985973,Roque_2014,31
neuroscience,Roque,2014,8,15,1.087624744,Roque_2014,23
neuroscience,Roque,2014,8,15,0.587124862,Roque_2014,23
neuroscience,Zalosnik,2014,13,13,-0.220231572,Zalosnik_2014,26
neuroscience,Zalosnik,2014,13,13,-0.369265547,Zalosnik_2014,26
neuroscience,Zalosnik,2014,10,10,1.067504906,Zalosnik_2014,20
neuroscience,Zalosnik,2014,10,10,0.824779965,Zalosnik_2014,20
neuroscience,Bodensteiner,2014,10,12,-0.059758954,Bodensteiner_2014,22
neuroscience,Sampath,2014,10,18,1.020750232,Sampath_2014,28
neuroscience,Bohacek,2015,10,13,0.538315807,Bohacek_2015,23
neuroscience,Bohacek,2015,10,11,0.911457224,Bohacek_2015,21
neuroscience,Bohacek,2015,10,13,0.990027923,Bohacek_2015,23
neuroscience,Bohacek,2015,10,13,-0.947838119,Bohacek_2015,23
neuroscience,James,2014,13,15,0.194942618,James_2014,28
neuroscience,James,2014,16,14,-0.068757564,James_2014,30
neuroscience,Zhang,2014,11,13,0.783605417,Zhang_2014,24
neuroscience,Zhang,2014,9,9,0.096514281,Zhang_2014,18
neuroscience,Zhang,2014,9,9,-1.390008627,Zhang_2014,18
neuroscience,Zhang,2014,13,13,-0.147151231,Zhang_2014,26
neuroscience,Zhang,2014,8,7,-0.317376043,Zhang_2014,15
neuroscience,Zhang,2014,12,12,-1.374547818,Zhang_2014,24
neuroscience,Tsuda,2014,9,6,0.613541117,Tsuda_2014,15
neuroscience,Tsuda,2014,9,6,0.49980083,Tsuda_2014,15
neuroscience,Valvassori,2014,8,8,5.457888774,Valvassori_2014,16
neuroscience,Benetti,2015,12,10,-0.309801581,Benetti_2015,22
neuroscience,Benetti,2015,10,10,0.068543344,Benetti_2015,20
neuroscience,O'Leary,2014,12,12,-0.058351634,O'Leary_2014,24
neuroscience,O'Leary,2014,10,10,0.583572717,O'Leary_2014,20
neuroscience,O'Leary,2014,12,12,0.068840133,O'Leary_2014,24
neuroscience,O'Leary,2014,10,10,-0.398285337,O'Leary_2014,20
neuroscience,O'Leary,2014,13,13,-0.306688755,O'Leary_2014,26
neuroscience,O'Leary,2014,10,10,0.254620457,O'Leary_2014,20
neuroscience,Prusator,2015,11,11,0.215434216,Prusator_2015,22
neuroscience,Prusator,2015,11,11,1.142021435,Prusator_2015,22
neuroscience,Prusator,2015,11,11,0,Prusator_2015,22
neuroscience,Prusator,2015,11,11,-0.682571672,Prusator_2015,22
neuroscience,Tata,2015,11,2,-0.939410471,Tata_2015,13
neuroscience,Tata,2015,7,6,-1.129650031,Tata_2015,13
neuroscience,Tata,2015,11,2,0.814994321,Tata_2015,13
neuroscience,Tata,2015,7,6,0.672478599,Tata_2015,13
neuroscience,Tata,2015,11,2,1.619793414,Tata_2015,13
neuroscience,Tata,2015,7,6,-0.119585363,Tata_2015,13
neuroscience,Hyland,2015,8,9,0.495855034,Hyland_2015,17
neuroscience,Hyland,2015,8,9,0.594448816,Hyland_2015,17
neuroscience,Reus,2015,11,11,0.845211809,Reus_2015,22
neuroscience,Zelena,2015,11,11,0.684158547,Zelena_2015,22
neuroscience,Xiong,2015,14,16,0.67804026,Xiong_2015,30
neuroscience,Xiong,2015,14,16,0.436588155,Xiong_2015,30
neuroscience,Xiong,2015,9,9,0.591117208,Xiong_2015,18
neuroscience,Xiong,2015,9,9,0.20383352,Xiong_2015,18
neuroscience,Sachs,2015,12,13,0.489072211,Sachs_2015,25
neuroscience,Sachs,2015,11,11,-1.223991709,Sachs_2015,22
neuroscience,Sachs,2015,22,22,-0.107150875,Sachs_2015,44
neuroscience,Sachs,2015,22,22,0.424538875,Sachs_2015,44
neuroscience,Reus,2015,11,11,0.876289094,Reus_2015,22
neuroscience,Kohl,2015,9,11,0.538988228,Kohl_2015,20
neuroscience,Kohl,2015,9,11,-0.19452193,Kohl_2015,20
neuroscience,Kohl,2015,9,11,1.835849679,Kohl_2015,20
neuroscience,Kohl,2015,9,11,1.975701465,Kohl_2015,20
neuroscience,Kohl,2015,15,15,0.337646753,Kohl_2015,30
neuroscience,Kohl,2015,15,15,0.402633188,Kohl_2015,30
neuroscience,Kohl,2015,15,15,0.390620425,Kohl_2015,30
neuroscience,Kohl,2015,9,10,-0.567051498,Kohl_2015,19
neuroscience,Kohl,2015,14,15,0.310988951,Kohl_2015,29
neuroscience,Kohl,2015,15,15,0.086817663,Kohl_2015,30
neuroscience,Arnett,2015,13,13,-0.934267282,Arnett_2015,26
neuroscience,Arnett,2015,12,13,-0.647979812,Arnett_2015,25
neuroscience,Arnett,2015,12,13,-0.298448405,Arnett_2015,25
neuroscience,Arnett,2015,12,13,-0.917539066,Arnett_2015,25
neuroscience,Arnett,2015,13,13,-0.212328123,Arnett_2015,26
neuroscience,Wong,2015,20,20,1.098171975,Wong_2015,40
neuroscience,Wong,2015,20,20,1.07451711,Wong_2015,40
neuroscience,Wong,2015,20,20,1.186266889,Wong_2015,40
neuroscience,Pusceddu,2015,10,10,-0.208960228,Pusceddu_2015,20
neuroscience,Pusceddu,2015,10,10,-0.643233258,Pusceddu_2015,20
neuroscience,Pusceddu,2015,10,10,-0.668849277,Pusceddu_2015,20
neuroscience,Pusceddu,2015,10,10,0.621398946,Pusceddu_2015,20
neuroscience,Chocyk,2015,11,11,-1.642441701,Chocyk_2015,22
neuroscience,Chocyk,2015,11,11,0.125773341,Chocyk_2015,22
neuroscience,Martisova,2015,10,10,1.398877125,Martisova_2015,20
neuroscience,Martisova,2015,10,10,1.224153721,Martisova_2015,20
neuroscience,Valvassori,2015,8,8,5.891737759,Valvassori_2015,16
neuroscience,Akillioglu,2015,9,12,-1.985136232,Akillioglu_2015,21
neuroscience,Akillioglu,2015,9,12,1.146622449,Akillioglu_2015,21
neuroscience,Akillioglu,2015,9,12,0.603259829,Akillioglu_2015,21
neuroscience,Dimatelis,2016,21,23,-0.446120948,Dimatelis_2016,44
neuroscience,Dimatelis,2016,22,20,-0.384181766,Dimatelis_2016,42
neuroscience,Dimatelis,2016,21,23,-0.138434901,Dimatelis_2016,44
neuroscience,Dimatelis,2016,22,20,-0.391940816,Dimatelis_2016,42
neuroscience,Mela,2015,7,8,0.493117591,Mela_2015,15
neuroscience,Mela,2015,10,10,-0.543682882,Mela_2015,20
neuroscience,Mela,2015,10,10,-0.082591197,Mela_2015,20
neuroscience,Neves,2015,10,10,0.757712888,Neves_2015,20
neuroscience,Neves,2015,10,10,0.140415117,Neves_2015,20
neuroscience,Neves,2015,10,10,0.480232211,Neves_2015,20
neuroscience,Neves,2015,9,9,-0.240168897,Neves_2015,18
neuroscience,Trujillo,2016,15,14,0.595869124,Trujillo_2016,29
neuroscience,Trujillo,2016,16,12,0.176797385,Trujillo_2016,28
neuroscience,Zoicas,2016,8,9,0.60066781,Zoicas_2016,17
neuroscience,Zoicas,2016,12,12,0.428951772,Zoicas_2016,24
neuroscience,Zoicas,2016,12,12,-0.173153251,Zoicas_2016,24
neuroscience,Zoicas,2016,12,12,-0.08799749,Zoicas_2016,24
neuroscience,Zoicas,2016,12,12,-0.51894273,Zoicas_2016,24
neuroscience,Zoicas,2016,12,12,-0.487727798,Zoicas_2016,24
neuroscience,Zoicas,2016,12,12,0.280262965,Zoicas_2016,24
neuroscience,Van Der Kooij,2015,18,19,0.136009439,Van Der Kooij_2015,37
neuroscience,Van Der Kooij,2015,18,19,0.454222268,Van Der Kooij_2015,37
neuroscience,Van Der Kooij,2015,18,19,1.720371824,Van Der Kooij_2015,37
neuroscience,Van Der Kooij,2015,18,19,1.598359638,Van Der Kooij_2015,37
neuroscience,Van Der Kooij,2015,18,19,0.811004101,Van Der Kooij_2015,37
neuroscience,Van Der Kooij,2015,18,19,0.584271772,Van Der Kooij_2015,37
neuroscience,van Zyl,2016,13,12,1.677879385,van Zyl_2016,25
neuroscience,van Zyl,2016,13,13,1.927429146,van Zyl_2016,26
neuroscience,van Zyl,2016,13,12,0.041557084,van Zyl_2016,25
neuroscience,van Zyl,2016,13,13,0.023988475,van Zyl_2016,26
neuroscience,Liu,2016,10,12,1.712151701,Liu_2016,22
neuroscience,Liu,2016,10,12,0.623635772,Liu_2016,22
neuroscience,Paternain,2016,8,8,1.32903008,Paternain_2016,16
neuroscience,Paternain,2016,8,8,1.358712007,Paternain_2016,16
neuroscience,Koe,2016,14,10,4.719939031,Koe_2016,24
neuroscience,Kanatsou S,2016,12,12,0.450802952,Kanatsou S_2016,24
neuroscience,Kanatsou S,2016,12,12,-0.724516119,Kanatsou S_2016,24
neuroscience,Kanatsou S,2016,15,15,0.731527915,Kanatsou S_2016,30
neuroscience,Kanatsou S,2016,15,15,0.029351689,Kanatsou S_2016,30
neuroscience,Kanatsou S,2016,15,15,0.205416646,Kanatsou S_2016,30
neuroscience,Seo,2016,6,6,0.685861134,Seo_2016,12
neuroscience,Seo,2016,6,6,1.299721815,Seo_2016,12
neuroscience,Maniam,2016,9,10,-0.286432513,Maniam_2016,19
neuroscience,Maniam,2016,9,10,0.225557555,Maniam_2016,19
neuroscience,Maniam,2016,8,9,0.849447644,Maniam_2016,17
neuroscience,Markostamou,2016,11,2,-1.085382712,Markostamou_2016,13
neuroscience,Markostamou,2016,11,2,1.665795349,Markostamou_2016,13
neuroscience,Markostamou,2016,11,2,1.013612729,Markostamou_2016,13
neuroscience,Markostamou,2016,7,6,0.61804572,Markostamou_2016,13
neuroscience,Markostamou,2016,7,6,0.618650235,Markostamou_2016,13
neuroscience,Markostamou,2016,7,6,0.950965882,Markostamou_2016,13
neuroscience,Sadeghi,2016,8,8,1.996921029,Sadeghi_2016,16
neuroscience,Bahi,2016,10,10,1.126859497,Bahi_2016,20
neuroscience,Bahi,2016,10,10,0.651263002,Bahi_2016,20
neuroscience,Arp,2016,6,15,-0.189221966,Arp_2016,21
neuroscience,Arp,2016,6,15,0.698365305,Arp_2016,21
neuroscience,Arp,2016,14,14,-0.26688266,Arp_2016,28
neuroscience,Arp,2016,14,14,-0.216115261,Arp_2016,28
neuroscience,Arp,2016,8,17,0.304739207,Arp_2016,25
neuroscience,Arp,2016,8,17,1.295227639,Arp_2016,25
neuroscience,Alteba,2016,8,8,1.447503018,Alteba_2016,16
neuroscience,Alteba,2016,8,8,0.388564448,Alteba_2016,16
neuroscience,Alteba,2016,8,8,1.503943568,Alteba_2016,16
neuroscience,Alteba,2016,8,8,0.454161983,Alteba_2016,16
neuroscience,Alteba,2016,8,8,0.528334219,Alteba_2016,16
neuroscience,Alteba,2016,8,8,0.421576101,Alteba_2016,16
neuroscience,Alteba,2016,8,8,0.113832054,Alteba_2016,16
neuroscience,Alteba,2016,8,8,0.040671383,Alteba_2016,16
neuroscience,Mrdalj,2016,10,15,0.316412681,Mrdalj_2016,25
neuroscience,Mrdalj,2016,9,10,0.320495957,Mrdalj_2016,19
neuroscience,Pollano,2016,18,19,-0.133961213,Pollano_2016,37
neuroscience,Pollano,2016,18,19,-0.399692215,Pollano_2016,37
neuroscience,Pollano,2016,14,18,1.519132524,Pollano_2016,32
neuroscience,Pollano,2016,14,18,0.508040757,Pollano_2016,32
neuroscience,Vargas,2016,8,8,1.191479179,Vargas_2016,16
neuroscience,Vargas,2016,7,8,1.405467138,Vargas_2016,15
neuroscience,Vargas,2016,7,8,0.052224675,Vargas_2016,15
neuroscience,Cao,2016,11,11,0.832546726,Cao_2016,22
neuroscience,Cao,2016,6,6,1.256663206,Cao_2016,12
neuroscience,Cao,2016,11,11,0.993708774,Cao_2016,22
neuroscience,Hui,2017,11,11,-1.08610022,Hui_2017,22
neuroscience,Rincel,2016,15,14,0.833413358,Rincel_2016,29
neuroscience,Rincel,2016,7,7,2.287492743,Rincel_2016,14
neuroscience,Rincel,2016,15,14,-0.447300034,Rincel_2016,29
neuroscience,Ignacio,2017,11,10,0.587320714,Ignacio_2017,21
neuroscience,Uribe,2016,5,5,5.658497821,Uribe_2016,10
neuroscience,Zhu,2017,10,10,0.955663036,Zhu_2017,20
neuroscience,Zhu,2017,10,10,-0.30929214,Zhu_2017,20
neuroscience,Yam,2017,6,7,0.649782304,Yam_2017,13
neuroscience,Yam,2017,6,8,0.631410083,Yam_2017,14
neuroscience,Yan,2017,6,6,2.570217004,Yan_2017,12
neuroscience,Yan,2017,8,6,2.001552107,Yan_2017,14
neuroscience,Butkevich,2017,12,9,1.83862827,Butkevich_2017,21
neuroscience,Butkevich,2017,12,9,1.434146633,Butkevich_2017,21
neuroscience,Butkevich,2017,12,9,1.963844981,Butkevich_2017,21
neuroscience,Butkevich,2017,12,9,0.497403664,Butkevich_2017,21
neuroscience,Banqueri,2017,5,10,0.465076035,Banqueri_2017,15
neuroscience,Banqueri,2017,10,10,-1.183807162,Banqueri_2017,20
neuroscience,Banqueri,2017,5,10,0.12637546,Banqueri_2017,15
neuroscience,Banqueri,2017,5,10,-1.429313198,Banqueri_2017,15
neuroscience,Banqueri,2017,5,10,0.097730817,Banqueri_2017,15
neuroscience,Banqueri,2017,5,10,0.383411804,Banqueri_2017,15
neuroscience,Amini-Khoei,2017,7,7,0.833803246,Amini-Khoei_2017,14
neuroscience,Amini-Khoei,2017,7,7,1.129501604,Amini-Khoei_2017,14
neuroscience,Bahi,2017,10,10,2.110733296,Bahi_2017,20
neuroscience,Bahi,2017,10,10,2.638158611,Bahi_2017,20
neuroscience,Bahi,2017,10,10,3.02676951,Bahi_2017,20
neuroscience,Bahi,2017,10,10,1.920051741,Bahi_2017,20
neuroscience,Bahi,2017,10,10,2.636947533,Bahi_2017,20
neuroscience,Bahi,2017,10,10,3.192154757,Bahi_2017,20
neuroscience,Farkas,2017,6,6,-0.432518105,Farkas_2017,12
neuroscience,Farkas,2017,6,6,0.054452775,Farkas_2017,12
neuroscience,Bath KG,2017,11,16,0.007583229,Bath KG_2017,27
neuroscience,Bath KG,2017,11,10,-0.574693478,Bath KG_2017,21
neuroscience,Kanatsou,2017,9,10,0.477079381,Kanatsou_2017,19
neuroscience,Kanatsou,2017,9,10,-0.036314066,Kanatsou_2017,19
neuroscience,Kanatsou,2017,11,11,0.031430076,Kanatsou_2017,22
neuroscience,Kanatsou,2017,11,11,0.739377202,Kanatsou_2017,22
neuroscience,Kanatsou,2017,11,11,3.220380062,Kanatsou_2017,22
neuroscience,Recamier-Carballo,2017,10,10,1.56917651,Recamier-Carballo_2017,20
neuroscience,Recamier-Carballo,2017,10,10,0.930044714,Recamier-Carballo_2017,20
neuroscience,Wang Q,2017,7,7,1.212713835,Wang Q_2017,14
neuroscience,Wang Q,2017,7,7,1.483635123,Wang Q_2017,14
neuroscience,Campbell,2017,7,7,0.437483872,Campbell_2017,14
neuroscience,Banqueri,2017,5,10,0.174185321,Banqueri_2017,15
neuroscience,Banqueri,2017,5,10,-0.596431423,Banqueri_2017,15
neuroscience,Menezes,2017,11,11,-2.004905212,Menezes_2017,22
neuroscience,Menezes,2017,11,11,-0.108557588,Menezes_2017,22
neuroscience,Bolton JL,2017,5,6,0.173971636,Bolton JL_2017,11
neuroscience,Bolton JL,2017,5,6,1.338719218,Bolton JL_2017,11
neuroscience,Sahafi E,2018,6,6,0.819740539,Sahafi E_2018,12
neuroscience,Loi M,2017,8,7,1.40447475,Loi M_2017,15
neuroscience,Loi M,2017,12,12,-0.34501023,Loi M_2017,24
neuroscience,Nguyen HB,2017,12,11,-0.393700661,Nguyen HB_2017,23
neuroscience,do Couto,2012,6,6,1.267010544,do Couto_2012,12
neuroscience,do Couto,2012,6,6,-0.670117865,do Couto_2012,12
neuroscience,Lujan,2008,11,10,1.33224029,Lujan_2008,21
neuroscience,Lujan,2008,10,11,-0.587274766,Lujan_2008,21
neuroscience,Lujan,2008,11,12,-0.053432757,Lujan_2008,23
neuroscience,Lujan,2008,8,8,0.129678866,Lujan_2008,16
neuroscience,Rodriguez,2013,10,11,-1.644855359,Rodriguez_2013,21
neuroscience,Rodriguez,2013,16,11,0.079019658,Rodriguez_2013,27
neuroscience,Dordevic,2015,8,8,-1.105758172,Dordevic_2015,16
neuroscience,Dordevic,2015,8,8,0.711219141,Dordevic_2015,16
neuroscience,Dordevic,2015,8,8,-4.792736363,Dordevic_2015,16
neuroscience,Dordevic,2015,8,8,1.324747653,Dordevic_2015,16
neuroscience,Lehmann,2000,2,4,1.085611886,Lehmann_2000,6
neuroscience,Lehmann,2000,2,4,0.476216754,Lehmann_2000,6
neuroscience,Lehmann,2000,2,4,1.149453431,Lehmann_2000,6
neuroscience,Lehmann,2000,2,4,0.705906012,Lehmann_2000,6
neuroscience,Lehmann,2000,2,4,-4.523859799,Lehmann_2000,6
neuroscience,Lehmann,2000,2,4,1.239731627,Lehmann_2000,6
neuroscience,Lehmann,2000,2,4,1.273584878,Lehmann_2000,6
neuroscience,Lehmann,2000,2,4,-0.537058002,Lehmann_2000,6
neuroscience,Adrover,2007,6,15,0.472689569,Adrover_2007,21
neuroscience,Adrover,2007,6,15,1.099349667,Adrover_2007,21
neuroscience,Adrover,2007,6,15,0.896839697,Adrover_2007,21
neuroscience,Adrover,2007,6,15,0.87289787,Adrover_2007,21
neuroscience,Adrover,2007,6,15,1.337976022,Adrover_2007,21
neuroscience,Adrover,2007,6,15,1.431485469,Adrover_2007,21
neuroscience,Adrover,2007,6,15,0.044394498,Adrover_2007,21
neuroscience,Adrover,2007,6,15,-0.186721381,Adrover_2007,21
neuroscience,ALONSO,1994,15,14,0.406316983,ALONSO_1994,29
neuroscience,ALONSO,1994,15,14,-0.405226746,ALONSO_1994,29
neuroscience,ALONSO,1994,15,14,0.172600959,ALONSO_1994,29
neuroscience,ALONSO,1994,15,14,0.301678425,ALONSO_1994,29
neuroscience,ALONSO,1994,15,14,-0.224955453,ALONSO_1994,29
neuroscience,ALONSO,1994,15,14,0.574770346,ALONSO_1994,29
neuroscience,ALONSO,1994,15,14,0.046228003,ALONSO_1994,29
neuroscience,ALONSO,1994,15,14,0.122678837,ALONSO_1994,29
neuroscience,ALONSO,1994,15,14,0.251096017,ALONSO_1994,29
neuroscience,ALONSO,1994,15,14,-0.214177772,ALONSO_1994,29
neuroscience,ALONSO,1994,15,14,0.146805389,ALONSO_1994,29
neuroscience,ALONSO,1994,15,14,-0.055985165,ALONSO_1994,29
neuroscience,Baharnoori,2013,6,6,0.264261693,Baharnoori_2013,12
neuroscience,Baharnoori,2013,6,6,0.37663086,Baharnoori_2013,12
neuroscience,Baharnoori,2013,6,6,0.420437779,Baharnoori_2013,12
neuroscience,Baharnoori,2013,6,6,0.056459353,Baharnoori_2013,12
neuroscience,Baharnoori,2013,6,6,0.215057447,Baharnoori_2013,12
neuroscience,Baharnoori,2013,6,6,-0.284134633,Baharnoori_2013,12
neuroscience,Baharnoori,2013,6,6,-0.404407757,Baharnoori_2013,12
neuroscience,Baharnoori,2013,6,6,-1.474953833,Baharnoori_2013,12
neuroscience,Baharnoori,2013,6,6,-1.427792094,Baharnoori_2013,12
neuroscience,Baharnoori,2013,6,6,-1.797019963,Baharnoori_2013,12
neuroscience,Baharnoori,2013,6,6,0.365473353,Baharnoori_2013,12
neuroscience,Baharnoori,2013,6,6,-0.99101168,Baharnoori_2013,12
neuroscience,Baier,2014,5,5,-19.34364286,Baier_2014,10
neuroscience,Baier,2014,5,5,-2.92926317,Baier_2014,10
neuroscience,Baier,2014,4,4,-0.356256462,Baier_2014,8
neuroscience,Baier,2014,6,5,-0.172963699,Baier_2014,11
neuroscience,Bakos,2004,8,8,-0.929611241,Bakos_2004,16
neuroscience,Basta,2011,7,7,12.73915843,Basta_2011,14
neuroscience,Basta,2011,7,7,1.980863351,Basta_2011,14
neuroscience,Basta,2011,7,7,-2.419039714,Basta_2011,14
neuroscience,Basta,2011,7,7,-0.556110936,Basta_2011,14
neuroscience,Basta,2011,7,7,2.84152993,Basta_2011,14
neuroscience,Basta,2011,7,7,1.806410765,Basta_2011,14
neuroscience,Basta,2011,7,7,-4.171997063,Basta_2011,14
neuroscience,Basta,2011,7,7,-0.822967483,Basta_2011,14
neuroscience,Berger,2002,5,5,0.785240932,Berger_2002,10
neuroscience,Berger,2002,5,5,2.022424441,Berger_2002,10
neuroscience,Berger,2002,5,5,0.105571142,Berger_2002,10
neuroscience,Berger,2002,5,5,1.062011243,Berger_2002,10
neuroscience,Berger,2002,5,5,1.748903627,Berger_2002,10
neuroscience,Berger,2002,5,5,0.490388251,Berger_2002,10
neuroscience,Bingham,2013,6,6,0.84912488,Bingham_2013,12
neuroscience,Bingham,2013,5,6,-2.034987274,Bingham_2013,11
neuroscience,Bitanihirwe,2010,14,14,-0.234219441,Bitanihirwe_2010,28
neuroscience,Bitanihirwe,2010,14,14,-0.168265841,Bitanihirwe_2010,28
neuroscience,Bitanihirwe,2010,14,14,0.107307615,Bitanihirwe_2010,28
neuroscience,Bitanihirwe,2010,14,14,0.015574754,Bitanihirwe_2010,28
neuroscience,Bitanihirwe,2010,14,14,0.019757883,Bitanihirwe_2010,28
neuroscience,Bitanihirwe,2010,14,14,0.104089984,Bitanihirwe_2010,28
neuroscience,Bitanihirwe,2010,14,14,0.077141075,Bitanihirwe_2010,28
neuroscience,Bitanihirwe,2010,14,14,0.137373268,Bitanihirwe_2010,28
neuroscience,Bitanihirwe,2010,14,14,-0.117862707,Bitanihirwe_2010,28
neuroscience,Bitanihirwe,2010,14,14,-0.066332699,Bitanihirwe_2010,28
neuroscience,Bitanihirwe,2010,14,14,-0.185957954,Bitanihirwe_2010,28
neuroscience,Bitanihirwe,2010,14,14,-0.114552276,Bitanihirwe_2010,28
neuroscience,Bitanihirwe,2010,14,14,-1.192059412,Bitanihirwe_2010,28
neuroscience,Bitanihirwe,2010,14,14,-0.541872832,Bitanihirwe_2010,28
neuroscience,Bitanihirwe,2010,14,14,0.128308018,Bitanihirwe_2010,28
neuroscience,Bitanihirwe,2010,14,14,-0.159075858,Bitanihirwe_2010,28
neuroscience,Bitanihirwe,2010,14,14,0.252966976,Bitanihirwe_2010,28
neuroscience,Bitanihirwe,2010,14,14,0,Bitanihirwe_2010,28
neuroscience,Bitanihirwe,2010,14,14,0.490967833,Bitanihirwe_2010,28
neuroscience,Bitanihirwe,2010,14,14,0.670069233,Bitanihirwe_2010,28
neuroscience,Bitanihirwe,2010,14,14,-0.515624354,Bitanihirwe_2010,28
neuroscience,Bitanihirwe,2010,14,14,-0.442703442,Bitanihirwe_2010,28
neuroscience,Bitanihirwe,2010,14,14,-0.842407191,Bitanihirwe_2010,28
neuroscience,Bitanihirwe,2010,14,14,-0.474638159,Bitanihirwe_2010,28
neuroscience,Bitanihirwe,2010,14,14,-0.510882605,Bitanihirwe_2010,28
neuroscience,Bitanihirwe,2010,14,14,-0.469198102,Bitanihirwe_2010,28
neuroscience,Bitanihirwe,2010,14,14,-0.051096122,Bitanihirwe_2010,28
neuroscience,Bitanihirwe,2010,14,14,0.158206021,Bitanihirwe_2010,28
neuroscience,Bitanihirwe,2010,14,14,0.311258301,Bitanihirwe_2010,28
neuroscience,Bitanihirwe,2010,14,14,0.541286296,Bitanihirwe_2010,28
neuroscience,Bitanihirwe,2010,14,14,0.084839481,Bitanihirwe_2010,28
neuroscience,Bitanihirwe,2010,14,14,0.336241841,Bitanihirwe_2010,28
neuroscience,Bitanihirwe,2010,14,14,-0.353027752,Bitanihirwe_2010,28
neuroscience,Bitanihirwe,2010,14,14,-0.234599051,Bitanihirwe_2010,28
neuroscience,Bitanihirwe,2010,14,14,-0.851471008,Bitanihirwe_2010,28
neuroscience,Bitanihirwe,2010,14,14,-0.340588403,Bitanihirwe_2010,28
neuroscience,Bitanihirwe,2010,14,14,-0.686477873,Bitanihirwe_2010,28
neuroscience,Bitanihirwe,2010,14,14,0.277378948,Bitanihirwe_2010,28
neuroscience,Bitanihirwe,2010,14,14,-0.129443509,Bitanihirwe_2010,28
neuroscience,Bitanihirwe,2010,14,14,0.851471008,Bitanihirwe_2010,28
neuroscience,Bitanihirwe,2010,14,14,0.340588403,Bitanihirwe_2010,28
neuroscience,Bitanihirwe,2010,14,14,0,Bitanihirwe_2010,28
neuroscience,Bitanihirwe,2010,14,14,0.283386681,Bitanihirwe_2010,28
neuroscience,Bitanihirwe,2010,14,14,-0.170294202,Bitanihirwe_2010,28
neuroscience,Bitanihirwe,2010,14,14,-0.588409606,Bitanihirwe_2010,28
neuroscience,Bitanihirwe,2010,14,14,-1.02971681,Bitanihirwe_2010,28
neuroscience,Bitanihirwe,2010,14,14,-0.686477873,Bitanihirwe_2010,28
neuroscience,Brenhouse,2013,5,6,-0.58180334,Brenhouse_2013,11
neuroscience,Brenhouse,2013,5,6,-1.615742945,Brenhouse_2013,11
neuroscience,Brenhouse,2013,6,6,0.159822325,Brenhouse_2013,12
neuroscience,Brenhouse,2013,6,6,0.333571788,Brenhouse_2013,12
neuroscience,Cabib,1993,9,9,-0.199653051,Cabib_1993,18
neuroscience,Cabib,1993,9,9,-0.323244322,Cabib_1993,18
neuroscience,Cabib,1993,9,9,-0.124145497,Cabib_1993,18
neuroscience,Cabib,1993,9,9,0.285596829,Cabib_1993,18
neuroscience,Cai Z,2013,4,4,-3.577385887,Cai Z_2013,8
neuroscience,Cai Z,2013,4,4,-5.719946765,Cai Z_2013,8
neuroscience,Cai Z,2013,9,16,-1.809323673,Cai Z_2013,25
neuroscience,Camp,1984,8,10,0.136800428,Camp_1984,18
neuroscience,Camp,1984,12,8,0.040136191,Camp_1984,20
neuroscience,Camp,1984,7,12,0.397046064,Camp_1984,19
neuroscience,Camp,1984,12,14,0.449647055,Camp_1984,26
neuroscience,Camp,1984,8,11,0.643471364,Camp_1984,19
neuroscience,Camp,1984,11,7,0.155181344,Camp_1984,18
neuroscience,Camp,1984,10,6,-0.2437951,Camp_1984,16
neuroscience,Camp,1984,8,13,-0.032961219,Camp_1984,21
neuroscience,Carboni,2010,20,20,0.056171548,Carboni_2010,40
neuroscience,Chocyk,2011,9,9,0.044666897,Chocyk_2011,18
neuroscience,Chocyk,2011,9,9,0.20039679,Chocyk_2011,18
neuroscience,Chocyk,2011,3,5,0.417223667,Chocyk_2011,8
neuroscience,Chocyk,2011,3,5,0.079522598,Chocyk_2011,8
neuroscience,Choy,2009,8,8,0.23857952,Choy_2009,16
neuroscience,Choy,2009,8,8,0.099766879,Choy_2009,16
neuroscience,Choy,2009,8,8,-0.006213001,Choy_2009,16
neuroscience,Choy,2009,8,8,-0.114773151,Choy_2009,16
neuroscience,Choy,2008,8,8,0.23857952,Choy_2008,16
neuroscience,Choy,2008,8,8,0.099766879,Choy_2008,16
neuroscience,Choy,2008,8,8,-0.006213001,Choy_2008,16
neuroscience,Choy,2008,8,8,-0.114773151,Choy_2008,16
neuroscience,Cory,2009,6,6,-0.310619035,Cory_2009,12
neuroscience,Cory,2009,6,6,0.017720026,Cory_2009,12
neuroscience,Cory,2009,9,9,0.074175017,Cory_2009,18
neuroscience,Cory,2009,9,9,0.479607787,Cory_2009,18
neuroscience,Cory,2009,9,9,0.821710304,Cory_2009,18
neuroscience,Cory,2009,9,9,0.304031251,Cory_2009,18
neuroscience,Cory,2009,9,9,0.234963304,Cory_2009,18
neuroscience,Cory,2009,9,9,-0.246694573,Cory_2009,18
neuroscience,Cory,2009,9,9,-0.255910529,Cory_2009,18
neuroscience,Cory,2009,9,9,0,Cory_2009,18
neuroscience,Cory,2009,9,9,-0.044611719,Cory_2009,18
neuroscience,Cory,2009,9,9,-0.034788792,Cory_2009,18
neuroscience,Cory,2009,9,9,0.227125793,Cory_2009,18
neuroscience,Cory,2009,9,9,0,Cory_2009,18
neuroscience,Cory,2009,9,9,0.915943714,Cory_2009,18
neuroscience,Cory,2009,9,9,0.211466974,Cory_2009,18
neuroscience,Cory,2013,12,9,0.891904773,Cory_2013,21
neuroscience,Cory,2013,12,9,-2.445704308,Cory_2013,21
neuroscience,Cory,2013,12,9,0.197513916,Cory_2013,21
neuroscience,Cory,2013,12,9,-0.192702604,Cory_2013,21
neuroscience,Cory,2013,12,9,-0.202103189,Cory_2013,21
neuroscience,Cory,2013,12,9,-0.677202106,Cory_2013,21
neuroscience,Cory,2013,12,9,-0.20344045,Cory_2013,21
neuroscience,Cory,2013,12,9,-0.317138638,Cory_2013,21
neuroscience,Cory,2013,12,9,-1.492945736,Cory_2013,21
neuroscience,Cory,2013,12,9,-0.207620447,Cory_2013,21
neuroscience,Cory,2013,12,9,0.171869031,Cory_2013,21
neuroscience,Cory,2013,12,9,-0.717868936,Cory_2013,21
neuroscience,Cory,2013,12,9,-0.053361462,Cory_2013,21
neuroscience,Cory,2013,12,9,-0.405079166,Cory_2013,21
neuroscience,Cory,2013,12,9,-0.407591506,Cory_2013,21
neuroscience,Cory,2013,12,9,-0.761029942,Cory_2013,21
neuroscience,Cory,2013,12,9,0.492450106,Cory_2013,21
neuroscience,Cory,2013,12,9,0.346181396,Cory_2013,21
neuroscience,Dalle,2016,10,10,-0.436275206,Dalle_2016,20
neuroscience,Delattre AM,2016,4,4,-3.286374221,Delattre AM_2016,8
neuroscience,Delattre,2016,4,4,-2.481208067,Delattre_2016,8
neuroscience,Delattre,2016,4,4,0.993470527,Delattre_2016,8
neuroscience,Delattre,2016,4,4,0.105336458,Delattre_2016,8
neuroscience,Fan LW,2011,6,6,-3.702881435,Fan LW_2011,12
neuroscience,Fan LW,2011,5,6,1.422109631,Fan LW_2011,11
neuroscience,Fan LW,2011,5,6,0.283840458,Fan LW_2011,11
neuroscience,Gerardin,2005,8,8,0.736547013,Gerardin_2005,16
neuroscience,Gerardin,2005,8,8,0.682921461,Gerardin_2005,16
neuroscience,Gerardin,2005,8,8,0.959795526,Gerardin_2005,16
neuroscience,Gerardin,2005,8,8,0.514620365,Gerardin_2005,16
neuroscience,Gerardin,2005,8,8,0.768128308,Gerardin_2005,16
neuroscience,Gondre-Lewis MC,2016,3,5,-0.085400697,Gondre-Lewis MC_2016,8
neuroscience,Gracia,2016,5,4,-1.358927548,Gracia_2016,9
neuroscience,Gracia,2016,5,5,-2.997084544,Gracia_2016,10
neuroscience,Granholm,2011,4,5,0.372352121,Granholm_2011,9
neuroscience,Granholm,2011,4,5,-0.16538543,Granholm_2011,9
neuroscience,Granholm,2011,6,6,-0.216313099,Granholm_2011,12
neuroscience,Granholm,2011,5,7,0.565163951,Granholm_2011,12
neuroscience,Granholm,2011,5,7,-0.203134159,Granholm_2011,12
neuroscience,Granholm,2011,5,7,0.357997652,Granholm_2011,12
neuroscience,Hall,1999,8,6,0.025875554,Hall_1999,14
neuroscience,Hensleigh,2015,10,10,-0.009916973,Hensleigh_2015,20
neuroscience,Hensleigh,2015,10,10,0.171252382,Hensleigh_2015,20
neuroscience,Hensleigh,2015,4,4,-0.08003897,Hensleigh_2015,8
neuroscience,Hensleigh,2015,6,6,-0.002090657,Hensleigh_2015,12
neuroscience,Hensleigh,2014,8,8,1.417926803,Hensleigh_2014,16
neuroscience,Hensleigh,2014,10,10,1.223885084,Hensleigh_2014,20
neuroscience,Hermel,2001,4,4,0.796376335,Hermel_2001,8
neuroscience,Hermel,2001,10,10,0.630206698,Hermel_2001,20
neuroscience,Hermel,2001,4,5,0.337494868,Hermel_2001,9
neuroscience,Hill,2014,6,6,0.945839006,Hill_2014,12
neuroscience,Hill,2014,6,6,0.492329796,Hill_2014,12
neuroscience,Hill,2014,6,6,1.328768345,Hill_2014,12
neuroscience,Hill,2014,6,6,0.949036451,Hill_2014,12
neuroscience,Hill,2014,6,6,-0.16912157,Hill_2014,12
neuroscience,Hill,2014,6,6,0.687178786,Hill_2014,12
neuroscience,Hill,2014,6,6,-1.511421133,Hill_2014,12
neuroscience,Hill,2014,6,6,-0.813732568,Hill_2014,12
neuroscience,Jahng,2010,5,5,-0.71788275,Jahng_2010,10
neuroscience,Jahng,2010,5,5,-0.290283042,Jahng_2010,10
neuroscience,Jahng,2010,8,9,0.436361635,Jahng_2010,17
neuroscience,Jahng,2010,7,7,0.626617398,Jahng_2010,14
neuroscience,Jahng,2012,7,8,-0.38128361,Jahng_2012,15
neuroscience,Jahng,2012,7,8,0.456769371,Jahng_2012,15
neuroscience,Jahng,2012,7,8,-0.413730381,Jahng_2012,15
neuroscience,Jahng,2012,7,8,0.187365405,Jahng_2012,15
neuroscience,Jahng,2012,7,8,0.445358807,Jahng_2012,15
neuroscience,Jahng,2012,7,8,0.141286693,Jahng_2012,15
neuroscience,Katunar,2010,6,6,-1.412264798,Katunar_2010,12
neuroscience,Katunar,2010,6,6,-0.612351011,Katunar_2010,12
neuroscience,Kawakami,2013,8,11,0.575135634,Kawakami_2013,19
neuroscience,Kawakami,2013,9,11,-0.054711289,Kawakami_2013,20
neuroscience,Kawakami,2013,8,11,0.726507993,Kawakami_2013,19
neuroscience,Kawakami,2013,9,11,0,Kawakami_2013,20
neuroscience,Kawakami,2013,8,11,1.222907005,Kawakami_2013,19
neuroscience,Kawakami,2013,9,11,-0.289358451,Kawakami_2013,20
neuroscience,Kawakami,2013,8,11,0.18667757,Kawakami_2013,19
neuroscience,Kawakami,2013,9,11,-0.280735913,Kawakami_2013,20
neuroscience,Kawakami,2013,8,11,0.39060565,Kawakami_2013,19
neuroscience,Kawakami,2013,9,11,-0.050041791,Kawakami_2013,20
neuroscience,Kawakami,2013,8,11,0.369659495,Kawakami_2013,19
neuroscience,Kawakami,2013,9,11,-0.031641529,Kawakami_2013,20
neuroscience,Kawakami,2013,8,11,0.198963785,Kawakami_2013,19
neuroscience,Kawakami,2013,9,11,0.500833479,Kawakami_2013,20
neuroscience,Kawakami,2013,8,11,-0.103489016,Kawakami_2013,19
neuroscience,Kawakami,2013,9,11,0.845438602,Kawakami_2013,20
neuroscience,Kawakami,2013,8,11,0.310467047,Kawakami_2013,19
neuroscience,Kawakami,2013,9,11,1.260405968,Kawakami_2013,20
neuroscience,Kikusui,2005,5,5,0.327183722,Kikusui_2005,10
neuroscience,Kikusui,2005,5,5,-0.382996232,Kikusui_2005,10
neuroscience,Kirsten,2012,7,7,-0.130939156,Kirsten_2012,14
neuroscience,Kirsten,2012,7,7,0.51066907,Kirsten_2012,14
neuroscience,Kirsten,2012,7,7,-0.275645824,Kirsten_2012,14
neuroscience,Kirsten,2012,4,4,-5.681251839,Kirsten_2012,8
neuroscience,Kirsten,2012,4,4,-1.687085844,Kirsten_2012,8
neuroscience,Kubesova,2015,19,24,2.69952812,Kubesova_2015,43
neuroscience,Kubesova,2015,19,24,2.320568893,Kubesova_2015,43
neuroscience,Kubesova,2015,19,24,3.462927244,Kubesova_2015,43
neuroscience,Kubesova,2015,19,24,-2.869427104,Kubesova_2015,43
neuroscience,Kubesova,2015,19,24,1.033225514,Kubesova_2015,43
neuroscience,Kubesova,2015,19,24,1.34690639,Kubesova_2015,43
neuroscience,Kubesova,2015,19,24,-10.98601946,Kubesova_2015,43
neuroscience,Kubesova,2015,19,24,-1.323221085,Kubesova_2015,43
neuroscience,Kubesova,2015,19,24,1.758486314,Kubesova_2015,43
neuroscience,Kubesova,2015,19,24,2.027910803,Kubesova_2015,43
neuroscience,Kubesova,2015,19,24,2.134796238,Kubesova_2015,43
neuroscience,Kubesova,2015,19,24,-1.890232981,Kubesova_2015,43
neuroscience,Kubesova,2015,5,7,0.160766843,Kubesova_2015,12
neuroscience,Lazzaretti,2016,6,7,0.553403605,Lazzaretti_2016,13
neuroscience,Lazzaretti,2016,6,7,-0.15609837,Lazzaretti_2016,13
neuroscience,Lazzaretti,2016,6,7,-0.258939295,Lazzaretti_2016,13
neuroscience,Lazzaretti,2016,6,7,-0.319778262,Lazzaretti_2016,13
neuroscience,Lazzaretti,2016,6,7,-0.511629398,Lazzaretti_2016,13
neuroscience,Lazzaretti,2016,6,7,0.051576973,Lazzaretti_2016,13
neuroscience,Lejeune,2013,10,10,0.269190844,Lejeune_2013,20
neuroscience,Lejeune,2013,10,10,0.127340154,Lejeune_2013,20
neuroscience,Lejeune,2013,10,10,-0.813942235,Lejeune_2013,20
neuroscience,Lejeune,2013,10,10,-0.599482476,Lejeune_2013,20
neuroscience,Lejeune,2013,10,10,-1.038084186,Lejeune_2013,20
neuroscience,Lejeune,2013,10,10,-1.140401768,Lejeune_2013,20
neuroscience,Lejeune,2013,12,12,-0.06077483,Lejeune_2013,24
neuroscience,Lejeune,2013,12,12,-0.279031982,Lejeune_2013,24
neuroscience,Lejeune,2013,12,12,-0.306239829,Lejeune_2013,24
neuroscience,Lejeune,2013,12,12,-0.124678788,Lejeune_2013,24
neuroscience,Lejeune,2013,7,8,0.213578212,Lejeune_2013,15
neuroscience,Lejeune,2013,7,8,-1.199346873,Lejeune_2013,15
neuroscience,Lejeune,2013,7,8,-0.435205164,Lejeune_2013,15
neuroscience,Li WY,2014,10,10,0.227134962,Li WY_2014,20
neuroscience,ling et al,2004,4,4,0.396527413,ling et al_2004,8
neuroscience,ling et al,2004,4,4,1.074727848,ling et al_2004,8
neuroscience,ling et al,2004,5,5,-9.95789806,ling et al_2004,10
neuroscience,ling et al,2004,5,5,-1.327666695,ling et al_2004,10
neuroscience,ling,2004,6,6,-1.565140635,ling_2004,12
neuroscience,ling,2004,6,6,-1.025940485,ling_2004,12
neuroscience,Ling,2004,5,7,-0.460861776,Ling_2004,12
neuroscience,Ling,2004,5,7,5.325370438,Ling_2004,12
neuroscience,Ling,2004,6,6,0.759003473,Ling_2004,12
neuroscience,Ling,2004,6,6,-0.665470731,Ling_2004,12
neuroscience,Ling,2004,6,6,0.625630943,Ling_2004,12
neuroscience,Ling,2004,10,10,0.109668745,Ling_2004,20
neuroscience,Ling,2009,5,6,-0.338807503,Ling_2009,11
neuroscience,Ling,2009,5,6,0.64829765,Ling_2009,11
neuroscience,Ling,2009,5,6,0.047023595,Ling_2009,11
neuroscience,Ling,2009,5,6,-0.113340125,Ling_2009,11
neuroscience,Ling,2009,5,6,-0.753970221,Ling_2009,11
neuroscience,Ling,2009,5,6,-0.024243283,Ling_2009,11
neuroscience,Ling,2009,5,6,-1.315799906,Ling_2009,11
neuroscience,Ling,2009,5,6,0.435677313,Ling_2009,11
neuroscience,Ling,2009,5,6,-0.918416632,Ling_2009,11
neuroscience,Ling,2009,5,6,1.007628538,Ling_2009,11
neuroscience,Ling,2009,5,5,-1.323044483,Ling_2009,10
neuroscience,Ling,2009,6,6,0.416980683,Ling_2009,12
neuroscience,Ling,2009,6,6,1.302656796,Ling_2009,12
neuroscience,Ling,2009,10,10,0.522087581,Ling_2009,20
neuroscience,Ling,2009,7,7,-1.76139976,Ling_2009,14
neuroscience,Liu,2016,10,12,-0.38250788,Liu_2016,22
neuroscience,Liu,2016,10,12,-0.087146247,Liu_2016,22
neuroscience,Liu,2016,10,12,-0.038272735,Liu_2016,22
neuroscience,Liu,2016,10,12,0.117050576,Liu_2016,22
neuroscience,Liu,2016,10,12,-0.193565701,Liu_2016,22
neuroscience,Liu,2016,10,12,0.077304603,Liu_2016,22
neuroscience,Liu,2016,10,12,-0.174111545,Liu_2016,22
neuroscience,Liu,2016,10,12,-0.276273194,Liu_2016,22
neuroscience,Liu,2016,10,12,0.27982318,Liu_2016,22
neuroscience,Lovic,2013,13,13,0.912207001,Lovic_2013,26
neuroscience,Lovic,2013,13,13,0.941065257,Lovic_2013,26
neuroscience,Lovic,2013,13,13,-0.296927746,Lovic_2013,26
neuroscience,Lovic,2013,13,13,-0.062118708,Lovic_2013,26
neuroscience,Lovic,2013,13,13,0.225693636,Lovic_2013,26
neuroscience,Lovic,2013,13,13,0.124243811,Lovic_2013,26
neuroscience,Luchicchi,2016,14,18,0.785495099,Luchicchi_2016,32
neuroscience,Luchicchi,2016,9,12,0.435129562,Luchicchi_2016,21
neuroscience,Luchicchi,2016,11,12,0.514096303,Luchicchi_2016,23
neuroscience,Luchicchi,2016,11,12,0.167816141,Luchicchi_2016,23
neuroscience,Luchicchi,2016,14,19,-1.047666657,Luchicchi_2016,33
neuroscience,Luchicchi,2016,14,19,-5.311204564,Luchicchi_2016,33
neuroscience,Luchicchi,2016,14,19,-0.81902567,Luchicchi_2016,33
neuroscience,Luchicchi,2016,14,19,-0.677010287,Luchicchi_2016,33
neuroscience,Madruga,2006,4,5,0.080690483,Madruga_2006,9
neuroscience,Madruga,2006,4,5,3.809958024,Madruga_2006,9
neuroscience,Madruga,2006,4,5,0.077999422,Madruga_2006,9
neuroscience,Madruga,2006,5,6,-2.473249651,Madruga_2006,11
neuroscience,Madruga,2006,3,5,-0.094316223,Madruga_2006,8
neuroscience,Madruga,2006,3,5,1.152256706,Madruga_2006,8
neuroscience,Madruga,2006,3,5,0.321671177,Madruga_2006,8
neuroscience,Madruga,2006,3,5,-0.555104529,Madruga_2006,8
neuroscience,Matthews,2001,8,10,0.51744026,Matthews_2001,18
neuroscience,Matthews,2001,8,10,0.605812813,Matthews_2001,18
neuroscience,Matthews,2001,8,10,0.715537373,Matthews_2001,18
neuroscience,Matthews,2001,8,10,0.748576106,Matthews_2001,18
neuroscience,Matthews,2001,8,10,-2.904346968,Matthews_2001,18
neuroscience,Matthews,2001,8,10,-0.952253835,Matthews_2001,18
neuroscience,Matthews,2001,8,10,0.317417945,Matthews_2001,18
neuroscience,Matthews,2001,8,10,0.317417945,Matthews_2001,18
neuroscience,Matthews,2001,8,10,0.63483589,Matthews_2001,18
neuroscience,Matthews,2001,8,10,16.66444211,Matthews_2001,18
neuroscience,Matthews,2001,8,6,1.302534802,Matthews_2001,14
neuroscience,Matthews,2001,8,6,0.179386398,Matthews_2001,14
neuroscience,Matthews,2001,8,6,1.547106632,Matthews_2001,14
neuroscience,Matthews,2001,8,6,1.505937659,Matthews_2001,14
neuroscience,Matthews,2001,8,6,-1.410985387,Matthews_2001,14
neuroscience,Matthews,2001,8,6,-0.660664816,Matthews_2001,14
neuroscience,Matthews,2001,8,6,-0.355877418,Matthews_2001,14
neuroscience,Matthews,2001,8,6,-0.586824102,Matthews_2001,14
neuroscience,Matthews,2001,8,6,-1.067632254,Matthews_2001,14
neuroscience,Matthews,2001,8,6,-1.101108027,Matthews_2001,14
neuroscience,Meyer U,2008,5,6,-0.597905405,Meyer U_2008,11
neuroscience,Meyer U,2008,6,6,-1.242394165,Meyer U_2008,12
neuroscience,Meyer U,2008,6,6,-3.397715881,Meyer U_2008,12
neuroscience,Meyer,2008,4,4,-0.276783088,Meyer_2008,8
neuroscience,Meyer,2008,4,4,-0.152944533,Meyer_2008,8
neuroscience,Meyer,2008,4,4,-0.144581126,Meyer_2008,8
neuroscience,Meyer,2008,4,4,-0.549367754,Meyer_2008,8
neuroscience,Meyer,2008,4,4,-0.039564861,Meyer_2008,8
neuroscience,Meyer,2008,4,4,0.028946183,Meyer_2008,8
neuroscience,Meyer,2008,4,4,0.379732669,Meyer_2008,8
neuroscience,Meyer,2008,4,4,-0.489232882,Meyer_2008,8
neuroscience,Meyer,2008,8,8,-2.32064827,Meyer_2008,16
neuroscience,Meyer,2008,8,8,0.361237018,Meyer_2008,16
neuroscience,Meyer,2008,8,8,0.750075311,Meyer_2008,16
neuroscience,Meyer,2008,8,8,0.912425832,Meyer_2008,16
neuroscience,Meyer,2008,8,8,0.189085911,Meyer_2008,16
neuroscience,Meyer,2008,8,8,0.556051605,Meyer_2008,16
neuroscience,Meyer,2008,8,8,-0.465361316,Meyer_2008,16
neuroscience,Meyer,2008,8,8,-0.39381262,Meyer_2008,16
neuroscience,Meyer,2008,8,8,-0.328882024,Meyer_2008,16
neuroscience,Meyer,2008,8,8,0.141838522,Meyer_2008,16
neuroscience,Meyer,2008,8,8,-0.501858629,Meyer_2008,16
neuroscience,Meyer,2008,8,8,-0.196468864,Meyer_2008,16
neuroscience,Novak,2013,5,5,-0.291976056,Novak_2013,10
neuroscience,Novak,2013,5,5,-0.105130689,Novak_2013,10
neuroscience,Ognibene,2008,8,8,1.15238926,Ognibene_2008,16
neuroscience,Ognibene,2008,8,8,-3.283051803,Ognibene_2008,16
neuroscience,Oreland,2011,9,20,0.42688395,Oreland_2011,29
neuroscience,Oreland,2011,9,20,-1.063371531,Oreland_2011,29
neuroscience,Oreland,2011,9,20,-0.25613037,Oreland_2011,29
neuroscience,Oreland,2011,9,20,0,Oreland_2011,29
neuroscience,Oreland,2011,9,20,-0.194708513,Oreland_2011,29
neuroscience,Oreland,2011,9,20,0.061225119,Oreland_2011,29
neuroscience,Oreland,2011,9,20,-0.521631992,Oreland_2011,29
neuroscience,Oreland,2011,9,20,-0.521620822,Oreland_2011,29
neuroscience,Oreland,2011,9,20,-0.649148819,Oreland_2011,29
neuroscience,Oreland,2011,9,20,0.137079619,Oreland_2011,29
neuroscience,Oreland,2011,9,20,0.281438727,Oreland_2011,29
neuroscience,Oreland,2011,9,20,-0.214143054,Oreland_2011,29
neuroscience,Oreland,2011,9,20,-0.274170947,Oreland_2011,29
neuroscience,Oreland,2011,9,20,-0.3315866,Oreland_2011,29
neuroscience,Oreland,2011,9,20,-0.08233723,Oreland_2011,29
neuroscience,Oreland,2011,9,20,0,Oreland_2011,29
neuroscience,Oreland,2011,9,20,-0.314283827,Oreland_2011,29
neuroscience,Oreland,2011,9,20,-0.318628565,Oreland_2011,29
neuroscience,Oreland,2011,9,20,-0.472609569,Oreland_2011,29
neuroscience,Oreland,2011,9,20,0.327999586,Oreland_2011,29
neuroscience,Oreland,2011,9,20,-0.042471974,Oreland_2011,29
neuroscience,Oreland,2011,9,20,0.280859038,Oreland_2011,29
neuroscience,Oreland,2011,9,19,0.734910967,Oreland_2011,28
neuroscience,Oreland,2011,9,19,-0.60419381,Oreland_2011,28
neuroscience,Oreland,2011,9,19,-0.710816247,Oreland_2011,28
neuroscience,Oreland,2011,9,19,-0.462412089,Oreland_2011,28
neuroscience,Oreland,2011,9,19,0.535071775,Oreland_2011,28
neuroscience,Oreland,2011,9,19,0.388330528,Oreland_2011,28
neuroscience,Oreland,2011,9,19,-0.081098718,Oreland_2011,28
neuroscience,Oreland,2011,9,19,0.205032445,Oreland_2011,28
neuroscience,Oreland,2011,9,19,0.034064081,Oreland_2011,28
neuroscience,Oreland,2011,9,19,0.127917599,Oreland_2011,28
neuroscience,Oreland,2011,9,19,-0.376967242,Oreland_2011,28
neuroscience,Oreland,2011,9,19,-0.098761932,Oreland_2011,28
neuroscience,Oreland,2011,9,19,0.03044752,Oreland_2011,28
neuroscience,Oreland,2011,9,19,0.075284481,Oreland_2011,28
neuroscience,Oreland,2011,9,19,-0.268759807,Oreland_2011,28
neuroscience,Oreland,2011,9,19,0.171567923,Oreland_2011,28
neuroscience,Oreland,2011,9,19,0.063153901,Oreland_2011,28
neuroscience,Oreland,2011,9,19,0.308986551,Oreland_2011,28
neuroscience,Oreland,2011,9,19,0.050518141,Oreland_2011,28
neuroscience,Oreland,2011,9,19,0.525657821,Oreland_2011,28
neuroscience,Oreland,2011,9,19,0.399191629,Oreland_2011,28
neuroscience,Oreland,2011,9,19,0.406478022,Oreland_2011,28
neuroscience,Ozawa,2006,10,14,-0.410505142,Ozawa_2006,24
neuroscience,Ozawa,2006,10,14,-0.872811599,Ozawa_2006,24
neuroscience,Ozawa,2006,12,17,-0.39624615,Ozawa_2006,29
neuroscience,Ozawa,2006,12,17,1.913406787,Ozawa_2006,29
neuroscience,Ozawa,2006,12,17,0.928424343,Ozawa_2006,29
neuroscience,Ozawa,2006,12,17,0.172941419,Ozawa_2006,29
neuroscience,Ozawa,2006,12,17,0.106375552,Ozawa_2006,29
neuroscience,Ozawa,2006,12,17,0.086769165,Ozawa_2006,29
neuroscience,Pallares,2013,3,4,0.719210528,Pallares_2013,7
neuroscience,Pallares,2013,3,4,0.463477755,Pallares_2013,7
neuroscience,Panag.,2004,6,9,1.194498507,Panag._2004,15
neuroscience,Panag.,2004,5,13,-1.167061744,Panag._2004,18
neuroscience,Panag.,2004,5,9,0.098278478,Panag._2004,14
neuroscience,Panag.,2004,5,13,-0.214582626,Panag._2004,18
neuroscience,Pang Y,2015,5,7,1.542273902,Pang Y_2015,12
neuroscience,Papai.,2002,10,10,-0.639141504,Papai._2002,20
neuroscience,Papai.,2002,10,10,2.253718993,Papai._2002,20
neuroscience,Papai.,2002,10,10,-0.317898251,Papai._2002,20
neuroscience,Papai.,2002,10,10,-1.041075046,Papai._2002,20
neuroscience,Papai.,2002,10,10,-1.161316874,Papai._2002,20
neuroscience,Papai.,2002,10,10,0.813793031,Papai._2002,20
neuroscience,Ploj,2003,4,8,-1.300195538,Ploj_2003,12
neuroscience,Ploj,2003,4,8,-0.860069917,Ploj_2003,12
neuroscience,Ploj,2003,4,8,0.43794925,Ploj_2003,12
neuroscience,Ploj,2003,4,8,0.457868973,Ploj_2003,12
neuroscience,Ploj,2003,4,8,-0.040682055,Ploj_2003,12
neuroscience,Ploj,2003,4,8,-0.083399657,Ploj_2003,12
neuroscience,Ploj,2003,4,8,0.035589975,Ploj_2003,12
neuroscience,Ploj,2003,4,8,0.844173447,Ploj_2003,12
neuroscience,Ploj,2003,4,8,0.725072612,Ploj_2003,12
neuroscience,Ploj,2003,4,8,1.130941269,Ploj_2003,12
neuroscience,Ploj,2003,4,8,0.65073592,Ploj_2003,12
neuroscience,Ploj,2003,4,8,1.149650811,Ploj_2003,12
neuroscience,Ploj,2003,4,8,0.890519332,Ploj_2003,12
neuroscience,Ploj,2003,4,8,1.164827471,Ploj_2003,12
neuroscience,Ploj,2003,4,8,1.148830131,Ploj_2003,12
neuroscience,Ploj,2003,4,8,0.061726879,Ploj_2003,12
neuroscience,Ploj,2003,4,8,0.041057908,Ploj_2003,12
neuroscience,Ploj,2003,4,8,-0.701997602,Ploj_2003,12
neuroscience,Ploj,2003,4,8,-0.434246213,Ploj_2003,12
neuroscience,Ploj,2003,4,8,0.508223133,Ploj_2003,12
neuroscience,Ploj,2003,4,8,0.734667486,Ploj_2003,12
neuroscience,Ploj,2003,4,8,-0.155768934,Ploj_2003,12
neuroscience,Ploj,2003,4,8,-0.278169323,Ploj_2003,12
neuroscience,Ploj,2003,4,8,0.082233513,Ploj_2003,12
neuroscience,Ploj,2003,4,8,0.715344678,Ploj_2003,12
neuroscience,Ploj,2003,4,8,0.097395875,Ploj_2003,12
neuroscience,Ploj,2003,4,8,0.787507593,Ploj_2003,12
neuroscience,Ploj,2003,4,8,0.727189174,Ploj_2003,12
neuroscience,Ploj,2003,4,8,0.884021605,Ploj_2003,12
neuroscience,Ploj,2003,4,8,0.707204188,Ploj_2003,12
neuroscience,Ploj,2003,4,8,0.92793764,Ploj_2003,12
neuroscience,Ploj,2003,4,8,1.1007295,Ploj_2003,12
neuroscience,Ploj,2003,4,8,0.318107098,Ploj_2003,12
neuroscience,Ploj,2003,4,8,-0.357690954,Ploj_2003,12
neuroscience,Ploj,2003,4,8,0.815325942,Ploj_2003,12
neuroscience,Ploj,2003,4,8,0.732617157,Ploj_2003,12
neuroscience,Ploj,2003,4,8,0.038101107,Ploj_2003,12
neuroscience,Ploj,2003,4,8,0.003343371,Ploj_2003,12
neuroscience,Ploj,2003,4,8,-0.196825785,Ploj_2003,12
neuroscience,Ploj,2003,4,8,-0.325399967,Ploj_2003,12
neuroscience,Ploj,2003,4,8,-0.190628521,Ploj_2003,12
neuroscience,Ploj,2003,4,8,-0.200525809,Ploj_2003,12
neuroscience,Ploj,2003,4,8,-0.423806643,Ploj_2003,12
neuroscience,Ploj,2003,4,8,-0.371079697,Ploj_2003,12
neuroscience,Ploj,2003,4,8,0.282529735,Ploj_2003,12
neuroscience,Ploj,2003,4,8,-0.404233714,Ploj_2003,12
neuroscience,Ploj,2003,4,8,0.123749824,Ploj_2003,12
neuroscience,Ploj,2003,4,8,0.516489685,Ploj_2003,12
neuroscience,Ploj,2003,4,8,0.08417341,Ploj_2003,12
neuroscience,Ploj,2003,4,8,-0.150384959,Ploj_2003,12
neuroscience,Ploj,2003,4,8,-0.359144652,Ploj_2003,12
neuroscience,Ploj,2003,4,8,-0.656010298,Ploj_2003,12
neuroscience,Ploj,2003,4,8,0.073784241,Ploj_2003,12
neuroscience,Ploj,2003,4,8,0.733718003,Ploj_2003,12
neuroscience,Ploj,2003,4,8,-0.378690523,Ploj_2003,12
neuroscience,Ploj,2003,4,8,-0.597731489,Ploj_2003,12
neuroscience,Ploj,2003,4,8,-0.542629199,Ploj_2003,12
neuroscience,Ploj,2003,4,8,-0.617948847,Ploj_2003,12
neuroscience,Ploj,2003,4,8,0.092552636,Ploj_2003,12
neuroscience,Ploj,2003,4,8,-0.171316742,Ploj_2003,12
neuroscience,Ploj,2003,4,8,-0.270845387,Ploj_2003,12
neuroscience,Ploj,2003,4,8,-0.659047967,Ploj_2003,12
neuroscience,Ploj,2003,4,8,0.221987649,Ploj_2003,12
neuroscience,Ploj,2003,4,8,-1.220352721,Ploj_2003,12
neuroscience,Ploj,2003,4,8,0.371249473,Ploj_2003,12
neuroscience,Ploj,2003,4,8,0.543157103,Ploj_2003,12
neuroscience,Ploj,2003,4,8,0.589912477,Ploj_2003,12
neuroscience,Ploj,2003,4,8,1.876287767,Ploj_2003,12
neuroscience,Ploj,2003,4,8,0.55541846,Ploj_2003,12
neuroscience,Ploj,2003,4,8,0.465534666,Ploj_2003,12
neuroscience,Rentesi,2013,12,13,2.277045664,Rentesi_2013,25
neuroscience,Rentesi,2013,12,13,-0.530393139,Rentesi_2013,25
neuroscience,Rentesi,2013,12,13,-0.182163653,Rentesi_2013,25
neuroscience,Rentesi,2013,12,13,-0.681982038,Rentesi_2013,25
neuroscience,Rentesi,2013,12,13,0.561617786,Rentesi_2013,25
neuroscience,Rentesi,2013,12,13,-0.208961971,Rentesi_2013,25
neuroscience,Rentesi,2013,12,13,-0.599522715,Rentesi_2013,25
neuroscience,Rentesi,2013,12,13,0,Rentesi_2013,25
neuroscience,Rentesi,2013,12,13,-0.743644043,Rentesi_2013,25
neuroscience,Rentesi,2013,12,13,-0.656544194,Rentesi_2013,25
neuroscience,Rentesi,2013,12,13,0.076386853,Rentesi_2013,25
neuroscience,Rentesi,2013,12,13,-0.120327781,Rentesi_2013,25
neuroscience,Reynaert,2015,6,6,-2.924370233,Reynaert_2015,12
neuroscience,Reynaert,2015,6,6,-7.872067359,Reynaert_2015,12
neuroscience,Reynaert,2015,5,5,0.219928187,Reynaert_2015,10
neuroscience,Reynaert,2015,5,5,0.041440686,Reynaert_2015,10
neuroscience,Reynaert,2015,5,5,-0.383516143,Reynaert_2015,10
neuroscience,Reynaert,2015,5,5,-1.050926035,Reynaert_2015,10
neuroscience,Reynaert,2015,5,5,1.492820414,Reynaert_2015,10
neuroscience,Reynaert,2015,5,5,-2.90024869,Reynaert_2015,10
neuroscience,Reynaert,2015,5,5,-1.25010391,Reynaert_2015,10
neuroscience,Reynaert,2015,5,5,0.161042207,Reynaert_2015,10
neuroscience,Reznikov,1995,5,6,1.377647734,Reznikov_1995,11
neuroscience,Romano,2016,10,10,-0.058340735,Romano_2016,20
neuroscience,Romano,2016,10,10,-1.099148057,Romano_2016,20
neuroscience,Romano,2016,10,10,-1.04630664,Romano_2016,20
neuroscience,Romano,2016,10,10,-0.490287975,Romano_2016,20
neuroscience,Romero,2007,12,12,1.39058658,Romero_2007,24
neuroscience,Romero,2007,12,12,0.458863646,Romero_2007,24
neuroscience,Romero,2007,12,12,0.354934136,Romero_2007,24
neuroscience,Romero,2007,12,12,0.53775433,Romero_2007,24
neuroscience,Romero,2007,12,12,1.43825141,Romero_2007,24
neuroscience,Romero,2007,12,12,0.650210236,Romero_2007,24
neuroscience,Romero,2010,11,11,1.375485674,Romero_2010,22
neuroscience,Romero,2010,5,5,0.675968361,Romero_2010,10
neuroscience,Romero,2010,5,5,0.458776285,Romero_2010,10
neuroscience,Romero,2010,5,5,0.74344961,Romero_2010,10
neuroscience,Romero,2010,5,5,1.957568632,Romero_2010,10
neuroscience,Romero,2010,5,5,0.970127856,Romero_2010,10
neuroscience,Romero,2010,11,11,1.10441029,Romero_2010,22
neuroscience,Romero,2010,11,11,1.175410862,Romero_2010,22
neuroscience,Romero,2010,11,11,0.637990013,Romero_2010,22
neuroscience,Romero,2010,11,11,-0.030234413,Romero_2010,22
neuroscience,Romero,2010,11,11,-0.214615469,Romero_2010,22
neuroscience,Romero,2010,11,11,-0.057239936,Romero_2010,22
neuroscience,Romero,2010,11,11,0.346937145,Romero_2010,22
neuroscience,Romero,2010,11,11,0.126028776,Romero_2010,22
neuroscience,Romero,2010,11,11,0.242679024,Romero_2010,22
neuroscience,Romero,2010,11,11,-0.477382561,Romero_2010,22
neuroscience,Romero,2010,11,11,0.861240803,Romero_2010,22
neuroscience,Romero,2010,11,11,-0.31998155,Romero_2010,22
neuroscience,Rossi,2011,8,8,1.319805421,Rossi_2011,16
neuroscience,Rossi,2011,8,8,-1.002780477,Rossi_2011,16
neuroscience,Rossi,2011,8,8,1.019315842,Rossi_2011,16
neuroscience,Rossi,2011,8,8,0.90053397,Rossi_2011,16
neuroscience,Rossi,2011,8,8,0.297647257,Rossi_2011,16
neuroscience,Rossi,2011,8,8,-0.08271347,Rossi_2011,16
neuroscience,Rots,1996,5,5,1.367242426,Rots_1996,10
neuroscience,Rots,1996,9,9,0.188205689,Rots_1996,18
neuroscience,Sasagawa,2017,4,4,-0.739396805,Sasagawa_2017,8
neuroscience,Sasagawa,2017,6,6,-1.659904978,Sasagawa_2017,12
neuroscience,Sasagawa,2017,4,4,-0.561590563,Sasagawa_2017,8
neuroscience,Sasagawa,2017,6,6,-1.074879057,Sasagawa_2017,12
neuroscience,Sasagawa,2017,4,4,0.659628791,Sasagawa_2017,8
neuroscience,Sasagawa,2017,7,7,-1.654348147,Sasagawa_2017,14
neuroscience,Sasagawa,2017,4,4,1.077398807,Sasagawa_2017,8
neuroscience,Sasagawa,2017,7,7,0.040693123,Sasagawa_2017,14
neuroscience,Sasagawa,2017,3,5,-0.339388509,Sasagawa_2017,8
neuroscience,Sasagawa,2017,8,8,-1.326291816,Sasagawa_2017,16
neuroscience,Silvagni,2008,9,9,2.148693514,Silvagni_2008,18
neuroscience,Silveira,2010,10,15,0.944510278,Silveira_2010,25
neuroscience,Silveira,2010,10,15,-2.046237757,Silveira_2010,25
neuroscience,Silveira,2010,10,15,-2.589916727,Silveira_2010,25
neuroscience,Son,2007,4,4,2.486865156,Son_2007,8
neuroscience,Son,2007,4,4,-14.48817296,Son_2007,8
neuroscience,Son,2007,4,4,-24.60942031,Son_2007,8
neuroscience,Son,2007,6,6,-2.696400766,Son_2007,12
neuroscience,Son,2007,6,6,-1.56182312,Son_2007,12
neuroscience,Son,2007,6,6,-0.050544774,Son_2007,12
neuroscience,Tien,2013,6,6,2.162779876,Tien_2013,12
neuroscience,Tien,2013,6,6,11.81210547,Tien_2013,12
neuroscience,Tien,2013,6,6,3.452449554,Tien_2013,12
neuroscience,Tien,2013,6,6,1.255436201,Tien_2013,12
neuroscience,Tien,2013,6,6,3.760292901,Tien_2013,12
neuroscience,Tien,2013,6,6,2.976598736,Tien_2013,12
neuroscience,Vazquez,2007,20,20,0.343832251,Vazquez_2007,40
neuroscience,Vazquez,2007,20,20,0.085958063,Vazquez_2007,40
neuroscience,Vazquez,2007,20,20,-0.123956843,Vazquez_2007,40
neuroscience,Vazquez,2007,20,20,0.346531882,Vazquez_2007,40
neuroscience,Vazquez,2007,20,20,0,Vazquez_2007,40
neuroscience,Vazquez,2007,20,20,-0.092408503,Vazquez_2007,40
neuroscience,Vazquez,2007,20,20,-0.250546979,Vazquez_2007,40
neuroscience,Vazquez,2007,20,20,-0.259198889,Vazquez_2007,40
neuroscience,Vazquez,2007,20,20,-0.730491226,Vazquez_2007,40
neuroscience,Vazquez,2007,20,20,-0.141381212,Vazquez_2007,40
neuroscience,Vazquez,2007,20,20,1.524740302,Vazquez_2007,40
neuroscience,Vazquez,2007,20,20,1.016493534,Vazquez_2007,40
neuroscience,Vazquez,2007,20,20,0.328896108,Vazquez_2007,40
neuroscience,Vazquez,2007,20,20,0.159454111,Vazquez_2007,40
neuroscience,Vazquez,2007,20,20,0.262999213,Vazquez_2007,40
neuroscience,Vazquez,2007,20,20,0.146121566,Vazquez_2007,40
neuroscience,Vazquez,2007,20,20,0.328896108,Vazquez_2007,40
neuroscience,Vazquez,2007,20,20,0.109632036,Vazquez_2007,40
neuroscience,Vazquez,2007,20,20,-0.085958063,Vazquez_2007,40
neuroscience,Vazquez,2007,20,20,-0.317491699,Vazquez_2007,40
neuroscience,Vazquez,2007,20,20,-0.317491699,Vazquez_2007,40
neuroscience,Vazquez,2007,20,20,-0.37192042,Vazquez_2007,40
neuroscience,Vazquez,2007,20,20,0.328896108,Vazquez_2007,40
neuroscience,Vazquez,2007,20,20,0.138612753,Vazquez_2007,40
neuroscience,Vazquez,2007,20,20,0.356715619,Vazquez_2007,40
neuroscience,Vazquez,2007,20,20,0,Vazquez_2007,40
neuroscience,Vazquez,2007,20,20,-0.287796821,Vazquez_2007,40
neuroscience,Vazquez,2007,20,20,0.168088234,Vazquez_2007,40
neuroscience,Vazquez,2007,20,20,0.048701138,Vazquez_2007,40
neuroscience,Vazquez,2007,20,20,0.252236033,Vazquez_2007,40
neuroscience,Vazquez,2007,20,20,0.19598421,Vazquez_2007,40
neuroscience,Vazquez,2007,20,20,0.057559364,Vazquez_2007,40
neuroscience,Vazquez,2007,20,20,-0.690712371,Vazquez_2007,40
neuroscience,Vazquez,2007,20,20,0.26308586,Vazquez_2007,40
neuroscience,Vazquez,2007,20,20,0.270932614,Vazquez_2007,40
neuroscience,Vazquez,2007,20,20,0.198432312,Vazquez_2007,40
neuroscience,Vuillermot,2012,5,6,0.850515802,Vuillermot_2012,11
neuroscience,Vuillermot,2012,5,6,-0.299916732,Vuillermot_2012,11
neuroscience,Vuillermot,2012,5,6,-1.1262158,Vuillermot_2012,11
neuroscience,Vuillermot,2012,5,5,-1.42250003,Vuillermot_2012,10
neuroscience,Vuillermot,2012,6,6,-2.28976505,Vuillermot_2012,12
neuroscience,Vuillermot,2012,6,6,-5.024052063,Vuillermot_2012,12
neuroscience,Vuillermot,2012,7,7,-0.124114661,Vuillermot_2012,14
neuroscience,Vuillermot,2012,7,7,0.03930877,Vuillermot_2012,14
neuroscience,Vuillermot,2012,7,7,-0.448356303,Vuillermot_2012,14
neuroscience,Vuillermot,2012,7,7,-0.194211867,Vuillermot_2012,14
neuroscience,Vuillermot,2012,7,7,-0.111315646,Vuillermot_2012,14
neuroscience,Vuillermot,2012,7,7,-0.209412795,Vuillermot_2012,14
neuroscience,Wang,2009,6,6,-1.240389494,Wang_2009,12
neuroscience,Wang,2009,6,6,-0.977565343,Wang_2009,12
neuroscience,Wang,2009,6,6,-1.103413006,Wang_2009,12
neuroscience,Wang,2009,6,6,-2.356552275,Wang_2009,12
neuroscience,Wang,2009,6,6,-0.651980461,Wang_2009,12
neuroscience,Wang,2009,6,6,-0.705734158,Wang_2009,12
neuroscience,Wang,2009,6,6,-0.530046056,Wang_2009,12
neuroscience,Wang,2009,6,6,-0.569264039,Wang_2009,12
neuroscience,Wang,2009,6,6,-0.46308734,Wang_2009,12
neuroscience,Wang,2009,6,6,-1.318659642,Wang_2009,12
neuroscience,Wang,2009,6,6,0.142787499,Wang_2009,12
neuroscience,Wang,2009,6,6,0.371803073,Wang_2009,12
neuroscience,Wang,2009,6,6,0.206737984,Wang_2009,12
neuroscience,Wang,2009,6,6,1.413903337,Wang_2009,12
neuroscience,Wang,2009,6,6,-0.023842839,Wang_2009,12
neuroscience,Weston,2014,12,11,-0.069355316,Weston_2014,23
neuroscience,Weston,2014,12,11,0.16897388,Weston_2014,23
neuroscience,Weston,2014,12,11,0.552063676,Weston_2014,23
neuroscience,Weston,2014,12,11,-0.169749394,Weston_2014,23
neuroscience,Weston,2014,12,11,1.823314988,Weston_2014,23
neuroscience,Weston,2014,12,11,-0.351906376,Weston_2014,23
neuroscience,Weston,2014,12,11,0.022947196,Weston_2014,23
neuroscience,Weston,2014,12,11,0.078823538,Weston_2014,23
neuroscience,Weston,2014,12,11,1.064734945,Weston_2014,23
neuroscience,Weston,2014,12,11,0.383794457,Weston_2014,23
neuroscience,Weston,2014,12,11,0.565552994,Weston_2014,23
neuroscience,Weston,2014,12,11,0.313536165,Weston_2014,23
neuroscience,Weston,2014,12,11,0.846297837,Weston_2014,23
neuroscience,Weston,2014,12,11,0.382787318,Weston_2014,23
neuroscience,Weston,2014,12,11,0.616259504,Weston_2014,23
neuroscience,Weston,2014,12,11,0.171635429,Weston_2014,23
neuroscience,Weston,2014,12,11,-0.942603196,Weston_2014,23
neuroscience,Weston,2014,12,11,0.242594973,Weston_2014,23
neuroscience,Weston,2014,12,11,-0.231597418,Weston_2014,23
neuroscience,Weston,2014,12,11,-0.070021094,Weston_2014,23
neuroscience,Weston,2014,12,11,0.696498283,Weston_2014,23
neuroscience,Weston,2014,12,11,-0.142930458,Weston_2014,23
neuroscience,Weston,2014,12,11,-0.971001794,Weston_2014,23
neuroscience,Weston,2014,12,11,-0.825623454,Weston_2014,23
neuroscience,Weston,2014,12,11,0.337583791,Weston_2014,23
neuroscience,Weston,2014,12,11,-0.67736793,Weston_2014,23
neuroscience,Weston,2014,12,11,0.544942742,Weston_2014,23
neuroscience,Weston,2014,12,11,-0.647803342,Weston_2014,23
neuroscience,Weston,2014,12,11,-1.554337657,Weston_2014,23
neuroscience,Weston,2014,12,11,-0.027267619,Weston_2014,23
neuroscience,Weston,2014,10,10,0.197051659,Weston_2014,20
neuroscience,Weston,2014,10,10,0.630595285,Weston_2014,20
neuroscience,Weston,2014,10,10,-0.493509354,Weston_2014,20
neuroscience,Weston,2014,10,10,0.259571673,Weston_2014,20
neuroscience,Weston,2014,10,10,-0.23734756,Weston_2014,20
neuroscience,Weston,2014,10,10,-0.180784762,Weston_2014,20
neuroscience,Weston,2014,10,10,0.948020894,Weston_2014,20
neuroscience,Weston,2014,10,10,0.308858812,Weston_2014,20
neuroscience,Weston,2014,10,10,-0.251868216,Weston_2014,20
neuroscience,Weston,2014,10,10,-0.681329474,Weston_2014,20
neuroscience,Weston,2014,10,10,0.127340154,Weston_2014,20
neuroscience,Weston,2014,10,10,0.637536722,Weston_2014,20
neuroscience,Weston,2014,10,10,0.240535086,Weston_2014,20
neuroscience,Weston,2014,10,10,-0.053930826,Weston_2014,20
neuroscience,Weston,2014,10,10,0.835613818,Weston_2014,20
neuroscience,Weston,2014,10,10,0.395189753,Weston_2014,20
neuroscience,Weston,2014,10,10,0.391693977,Weston_2014,20
neuroscience,Weston,2014,10,10,-0.556916731,Weston_2014,20
neuroscience,Weston,2014,10,10,-0.328047524,Weston_2014,20
neuroscience,Weston,2014,10,10,0.600597432,Weston_2014,20
neuroscience,Weston,2014,10,10,0.121144393,Weston_2014,20
neuroscience,Weston,2014,10,10,0.065803976,Weston_2014,20
neuroscience,Weston,2014,10,10,-0.783387954,Weston_2014,20
neuroscience,Weston,2014,10,10,0.156205528,Weston_2014,20
neuroscience,Weston,2014,10,10,0,Weston_2014,20
neuroscience,Weston,2014,10,10,-0.02531202,Weston_2014,20
neuroscience,Weston,2014,10,10,-0.210446863,Weston_2014,20
neuroscience,Weston,2014,10,10,-0.185809732,Weston_2014,20
neuroscience,Weston,2014,10,10,0.098827479,Weston_2014,20
neuroscience,Weston,2014,10,10,-0.156667316,Weston_2014,20
neuroscience,Winter,2009,10,10,0.793235654,Winter_2009,20
neuroscience,Winter,2009,10,10,0.183451925,Winter_2009,20
neuroscience,Winter,2009,10,10,0.428242392,Winter_2009,20
neuroscience,Winter,2009,10,10,1.530194025,Winter_2009,20
neuroscience,Winter,2009,10,10,-0.303052667,Winter_2009,20
neuroscience,Winter,2009,10,10,0.383334671,Winter_2009,20
neuroscience,Winter,2009,10,10,0.902921471,Winter_2009,20
neuroscience,Winter,2009,10,10,0.726197334,Winter_2009,20
neuroscience,Winter,2009,10,10,0.196828515,Winter_2009,20
neuroscience,Winter,2009,10,10,1.378957504,Winter_2009,20
neuroscience,Winter,2009,10,10,-0.157417635,Winter_2009,20
neuroscience,Winter,2009,10,10,0.459787205,Winter_2009,20
neuroscience,Winter,2009,10,10,0.132825959,Winter_2009,20
neuroscience,Winter,2009,10,10,1.590196806,Winter_2009,20
neuroscience,Winter,2009,10,10,0.571286549,Winter_2009,20
neuroscience,Winter,2009,10,10,0.668866733,Winter_2009,20
neuroscience,Womersley,2011,10,7,0.592358943,Womersley_2011,17
neuroscience,Womersley,2011,7,8,-0.257368913,Womersley_2011,15
neuroscience,Zager,2012,4,4,1.310835215,Zager_2012,8
neuroscience,Zager,2012,4,4,2.607237788,Zager_2012,8
neuroscience,Zavitsanou,2013,6,6,-0.457776976,Zavitsanou_2013,12
neuroscience,Zavitsanou,2013,6,6,0.078925037,Zavitsanou_2013,12
neuroscience,Zavitsanou,2013,6,6,-0.127559771,Zavitsanou_2013,12
neuroscience,Zavitsanou,2013,6,6,0.318280837,Zavitsanou_2013,12
neuroscience,Zavitsanou,2013,6,6,2.235746579,Zavitsanou_2013,12
neuroscience,Zavitsanou,2013,6,6,1.20741644,Zavitsanou_2013,12
neuroscience,Zhang,2015,9,9,-0.136735682,Zhang_2015,18
neuroscience,Zhang,2015,9,9,17.11836119,Zhang_2015,18
neuroscience,Zhang,2015,9,9,0.841270754,Zhang_2015,18
neuroscience,Zhang,2015,9,9,-2.010313651,Zhang_2015,18
neuroscience,Zhang,2006,12,8,-0.725406002,Zhang_2006,20
neuroscience,Zhang,2006,8,13,0.877031911,Zhang_2006,21
neuroscience,Zhang,2006,7,6,-0.120478573,Zhang_2006,13
neuroscience,Zhang,2006,3,11,0.009905987,Zhang_2006,14
neuroscience,Zhang,2013,22,19,3.007661854,Zhang_2013,41
neuroscience,Zhang,2013,22,19,-0.098784248,Zhang_2013,41
neuroscience,Zhang,2013,22,19,-0.211927045,Zhang_2013,41
neuroscience,Zhang,2013,22,19,-0.579076118,Zhang_2013,41
neuroscience,Zhu,2010,14,16,-1.520068931,Zhu_2010,30
neuroscience,Zhu,2010,14,16,-1.195958753,Zhu_2010,30
neuroscience,Zhu,2010,14,16,-0.881240055,Zhu_2010,30
neuroscience,Zhu,2010,14,16,-1.516470949,Zhu_2010,30
neuroscience,Zhu,2011,17,17,-0.342852199,Zhu_2011,34
neuroscience,Zhu,2007,6,6,0.081131268,Zhu_2007,12
neuroscience,Zhu,2007,7,7,-0.116560698,Zhu_2007,14
neuroscience,Zuckerman,2003,5,5,0.070142403,Zuckerman_2003,10
neuroscience,Zuckerman,2003,8,8,0.030385334,Zuckerman_2003,16
metabolism,Cao,2015,9,13,1.010830369,Cao_2015,22
metabolism,Cao,2015,9,13,0.740746122,Cao_2015,22
metabolism,Cao,2015,8,8,-1.011372981,Cao_2015,16
metabolism,Cao,2015,8,8,-0.925776299,Cao_2015,16
metabolism,Cao,2015,9,13,0.648552991,Cao_2015,22
metabolism,Cao,2015,9,13,0.133046923,Cao_2015,22
metabolism,Cao,2015,8,8,0.327642149,Cao_2015,16
metabolism,Cao,2015,8,8,-0.567074741,Cao_2015,16
metabolism,GÃ¡mez,2015,10,10,2.354216062,GÃ¡mez_2015,20
metabolism,Strakovsky,2015,5,5,0.418178627,Strakovsky_2015,10
metabolism,Strakovsky,2015,5,5,0.160890382,Strakovsky_2015,10
metabolism,Strakovsky,2015,6,6,-0.257187812,Strakovsky_2015,12
metabolism,Strakovsky,2015,6,6,1.499072436,Strakovsky_2015,12
metabolism,Strakovsky,2015,6,6,-0.220565398,Strakovsky_2015,12
metabolism,Strakovsky,2015,6,6,1.252044353,Strakovsky_2015,12
metabolism,Susiarjo,2015,9,7,-0.196188948,Susiarjo_2015,16
metabolism,Susiarjo,2015,9,13,-0.021938051,Susiarjo_2015,22
metabolism,Susiarjo,2015,13,9,1.173752646,Susiarjo_2015,22
metabolism,Susiarjo,2015,13,15,0.455257254,Susiarjo_2015,28
metabolism,Susiarjo,2015,5,4,0.211618201,Susiarjo_2015,9
metabolism,Susiarjo,2015,5,5,0.455291457,Susiarjo_2015,10
metabolism,Susiarjo,2015,13,10,1.586756979,Susiarjo_2015,23
metabolism,Susiarjo,2015,13,9,1.492664914,Susiarjo_2015,22
metabolism,Veiga-Lopez,2015a,4,4,-0.307816813,Veiga-Lopez_2015a,8
metabolism,Veiga-Lopez,2015a,6,6,0.329060878,Veiga-Lopez_2015a,12
metabolism,Veiga-Lopez,2015b,4,4,0.416993527,Veiga-Lopez_2015b,8
metabolism,Veiga-Lopez,2015b,6,6,-0.380098094,Veiga-Lopez_2015b,12
metabolism,Ferguson,2014,12,11,-0.077289994,Ferguson_2014,23
metabolism,Ferguson,2014,12,12,0.41057256,Ferguson_2014,24
metabolism,Ferguson,2014,12,11,-0.288924047,Ferguson_2014,23
metabolism,Ferguson,2014,12,12,-0.74076877,Ferguson_2014,24
metabolism,Gamez,2014,10,10,3.414059328,Gamez_2014,20
metabolism,Garcia-Arevalo,2014,38,30,1.074890444,Garcia-Arevalo_2014,68
metabolism,Garcia-Arevalo,2014,6,6,2.096666908,Garcia-Arevalo_2014,12
metabolism,Garcia-Arevalo,2014,8,8,0.168733327,Garcia-Arevalo_2014,16
metabolism,Garcia-Arevalo,2014,6,6,-0.139132701,Garcia-Arevalo_2014,12
metabolism,Garcia-Arevalo,2014,5,5,2.252245401,Garcia-Arevalo_2014,10
metabolism,Garcia-Arevalo,2014,5,5,0.862583186,Garcia-Arevalo_2014,10
metabolism,Jiang,2014,8,8,3.813826631,Jiang_2014,16
metabolism,Jiang,2014,8,8,3.419927649,Jiang_2014,16
metabolism,Jiang,2014,8,8,1.474135712,Jiang_2014,16
metabolism,Jiang,2014,8,8,1.440303248,Jiang_2014,16
metabolism,Nanjappa,2014,8,8,-0.46130871,Nanjappa_2014,16
metabolism,Nanjappa,2014,8,8,-0.790224326,Nanjappa_2014,16
metabolism,Nanjappa,2014,8,8,-0.355209121,Nanjappa_2014,16
metabolism,Nanjappa,2014,8,8,-0.674739846,Nanjappa_2014,16
metabolism,vanEsterik,2014,9,10,-1.108620998,vanEsterik_2014,19
metabolism,vanEsterik,2014,9,7,-0.046686711,vanEsterik_2014,16
metabolism,vanEsterik,2014,9,10,-0.136410608,vanEsterik_2014,19
metabolism,vanEsterik,2014,9,9,-0.670973617,vanEsterik_2014,18
metabolism,vanEsterik,2014,9,10,-1.28583229,vanEsterik_2014,19
metabolism,vanEsterik,2014,9,4,-0.605560633,vanEsterik_2014,13
metabolism,vanEsterik,2014,9,8,-2.337071414,vanEsterik_2014,17
metabolism,vanEsterik,2014,8,9,0.354334189,vanEsterik_2014,17
metabolism,vanEsterik,2014,8,7,1.31849518,vanEsterik_2014,15
metabolism,vanEsterik,2014,8,8,1.479311633,vanEsterik_2014,16
metabolism,vanEsterik,2014,8,9,2.86170248,vanEsterik_2014,17
metabolism,vanEsterik,2014,8,10,-0.340703706,vanEsterik_2014,18
metabolism,vanEsterik,2014,8,9,1.583679061,vanEsterik_2014,17
metabolism,vanEsterik,2014,8,8,1.385261076,vanEsterik_2014,16
metabolism,vanEsterik,2014,8,9,-0.097430955,vanEsterik_2014,17
metabolism,vanEsterik,2014,8,7,1.128926694,vanEsterik_2014,15
metabolism,vanEsterik,2014,8,8,1.337138961,vanEsterik_2014,16
metabolism,vanEsterik,2014,8,9,0.860771093,vanEsterik_2014,17
metabolism,vanEsterik,2014,8,10,0.194657005,vanEsterik_2014,18
metabolism,vanEsterik,2014,8,9,1.200792747,vanEsterik_2014,17
metabolism,vanEsterik,2014,8,8,1.115813289,vanEsterik_2014,16
metabolism,vanEsterik,2014,8,9,0.701134304,vanEsterik_2014,17
metabolism,vanEsterik,2014,8,7,0.861617932,vanEsterik_2014,15
metabolism,vanEsterik,2014,8,7,1.150465839,vanEsterik_2014,15
metabolism,vanEsterik,2014,8,8,0.556784534,vanEsterik_2014,16
metabolism,vanEsterik,2014,8,7,0.045991115,vanEsterik_2014,15
metabolism,vanEsterik,2014,8,9,1.074093851,vanEsterik_2014,17
metabolism,vanEsterik,2014,8,8,1.1736048,vanEsterik_2014,16
metabolism,vanEsterik,2014,8,9,1.161070064,vanEsterik_2014,17
metabolism,vanEsterik,2014,8,7,0.704270367,vanEsterik_2014,15
metabolism,vanEsterik,2014,8,7,0.670695518,vanEsterik_2014,15
metabolism,vanEsterik,2014,8,8,0.928265929,vanEsterik_2014,16
metabolism,vanEsterik,2014,8,7,0.826753302,vanEsterik_2014,15
metabolism,vanEsterik,2014,8,9,0.618058384,vanEsterik_2014,17
metabolism,vanEsterik,2014,8,8,0.989862003,vanEsterik_2014,16
metabolism,vanEsterik,2014,8,9,0.944813585,vanEsterik_2014,17
metabolism,vanEsterik,2014,8,7,0.938610987,vanEsterik_2014,15
metabolism,vanEsterik,2014,8,7,0.808045366,vanEsterik_2014,15
metabolism,vanEsterik,2014,8,8,0.878005773,vanEsterik_2014,16
metabolism,vanEsterik,2014,8,7,0.119574549,vanEsterik_2014,15
metabolism,vanEsterik,2014,8,9,0.752721607,vanEsterik_2014,17
metabolism,vanEsterik,2014,8,8,1.348174443,vanEsterik_2014,16
metabolism,vanEsterik,2014,8,9,1.214388299,vanEsterik_2014,17
metabolism,vanEsterik,2014,8,7,0.896435138,vanEsterik_2014,15
metabolism,vanEsterik,2014,8,7,0.872794483,vanEsterik_2014,15
metabolism,vanEsterik,2014,8,8,0.549461875,vanEsterik_2014,16
metabolism,vanEsterik,2014,8,7,-0.012804136,vanEsterik_2014,15
metabolism,vanEsterik,2014,8,9,0.826775834,vanEsterik_2014,17
metabolism,vanEsterik,2014,8,8,1.001061401,vanEsterik_2014,16
metabolism,vanEsterik,2014,8,9,0.807043089,vanEsterik_2014,17
metabolism,vanEsterik,2014,8,7,0.410287853,vanEsterik_2014,15
metabolism,vanEsterik,2014,8,7,0.888936167,vanEsterik_2014,15
metabolism,vanEsterik,2014,8,8,0.756418012,vanEsterik_2014,16
metabolism,vanEsterik,2014,8,7,0.306990015,vanEsterik_2014,15
metabolism,vanEsterik,2014,8,9,0.772471246,vanEsterik_2014,17
metabolism,vanEsterik,2014,8,8,0.765667098,vanEsterik_2014,16
metabolism,vanEsterik,2014,8,9,0.62142373,vanEsterik_2014,17
metabolism,vanEsterik,2014,8,7,0.724262905,vanEsterik_2014,15
metabolism,vanEsterik,2014,8,7,0.750321051,vanEsterik_2014,15
metabolism,vanEsterik,2014,8,8,0.73765343,vanEsterik_2014,16
metabolism,vanEsterik,2014,8,7,0.279234255,vanEsterik_2014,15
metabolism,vanEsterik,2014,8,9,1.170002957,vanEsterik_2014,17
metabolism,vanEsterik,2014,8,8,0.600503522,vanEsterik_2014,16
metabolism,vanEsterik,2014,8,9,1.077940022,vanEsterik_2014,17
metabolism,vanEsterik,2014,8,7,1.930873271,vanEsterik_2014,15
metabolism,vanEsterik,2014,8,7,1.197879934,vanEsterik_2014,15
metabolism,vanEsterik,2014,8,8,0.865013294,vanEsterik_2014,16
metabolism,vanEsterik,2014,8,7,0.444058064,vanEsterik_2014,15
metabolism,vanEsterik,2014,8,9,1.056703542,vanEsterik_2014,17
metabolism,vanEsterik,2014,8,8,1.269898645,vanEsterik_2014,16
metabolism,vanEsterik,2014,8,9,-0.144834619,vanEsterik_2014,17
metabolism,vanEsterik,2014,8,7,1.991251736,vanEsterik_2014,15
metabolism,vanEsterik,2014,8,7,0.720511435,vanEsterik_2014,15
metabolism,vanEsterik,2014,8,8,0.911979402,vanEsterik_2014,16
metabolism,vanEsterik,2014,8,7,-0.040737903,vanEsterik_2014,15
metabolism,vanEsterik,2014,8,9,0.470712511,vanEsterik_2014,17
metabolism,vanEsterik,2014,8,8,0.640148073,vanEsterik_2014,16
metabolism,vanEsterik,2014,8,9,0.480042338,vanEsterik_2014,17
metabolism,vanEsterik,2014,8,7,1.068327675,vanEsterik_2014,15
metabolism,vanEsterik,2014,8,7,0.603082189,vanEsterik_2014,15
metabolism,vanEsterik,2014,8,8,0.937565954,vanEsterik_2014,16
metabolism,vanEsterik,2014,8,7,0,vanEsterik_2014,15
metabolism,vanEsterik,2014,8,9,0.855072837,vanEsterik_2014,17
metabolism,vanEsterik,2014,8,8,1.028073378,vanEsterik_2014,16
metabolism,Wei,2014,6,6,2.260254004,Wei_2014,12
metabolism,Wei,2014,6,6,3.577993174,Wei_2014,12
metabolism,Wei,2014,6,6,2.887503263,Wei_2014,12
metabolism,Anderson,2013,10,10,-0.829228784,Anderson_2013,20
metabolism,Anderson,2013,10,10,-0.605284423,Anderson_2013,20
metabolism,Anderson,2013,10,10,-0.389358477,Anderson_2013,20
metabolism,Anderson,2013,10,9,-0.663408909,Anderson_2013,19
metabolism,Anderson,2013,10,10,-0.233003997,Anderson_2013,20
metabolism,Anderson,2013,10,11,0.52395445,Anderson_2013,21
metabolism,Anderson,2013,10,9,-0.299004521,Anderson_2013,19
metabolism,Anderson,2013,10,10,-0.926026026,Anderson_2013,20
metabolism,Anderson,2013,10,10,-0.793907421,Anderson_2013,20
metabolism,Anderson,2013,10,9,-0.767380631,Anderson_2013,19
metabolism,Anderson,2013,10,10,-0.046589906,Anderson_2013,20
metabolism,Anderson,2013,10,11,0.087281185,Anderson_2013,21
metabolism,Anderson,2013,10,9,-0.183980471,Anderson_2013,19
metabolism,Anderson,2013,10,10,-0.757135099,Anderson_2013,20
metabolism,Anderson,2013,10,10,-0.406934673,Anderson_2013,20
metabolism,Anderson,2013,10,9,-0.721346468,Anderson_2013,19
metabolism,Anderson,2013,10,10,0.2840865,Anderson_2013,20
metabolism,Anderson,2013,10,11,0.371743494,Anderson_2013,21
metabolism,Anderson,2013,10,9,0.123110064,Anderson_2013,19
metabolism,Anderson,2013,10,11,-0.094055583,Anderson_2013,21
metabolism,Anderson,2013,10,9,0.059275216,Anderson_2013,19
metabolism,Anderson,2013,9,9,-0.066602646,Anderson_2013,18
metabolism,Anderson,2013,9,10,-0.479514052,Anderson_2013,19
metabolism,Anderson,2013,9,9,-0.706456609,Anderson_2013,18
metabolism,Anderson,2013,10,10,-0.007089325,Anderson_2013,20
metabolism,Anderson,2013,10,11,-0.3679845,Anderson_2013,21
metabolism,Anderson,2013,10,9,-0.187471677,Anderson_2013,19
metabolism,Angle,2013,39,30,0.211063908,Angle_2013,69
metabolism,Angle,2013,39,24,0.08934968,Angle_2013,63
metabolism,Angle,2013,39,33,-0.06971699,Angle_2013,72
metabolism,Angle,2013,39,38,-0.083117795,Angle_2013,77
metabolism,Angle,2013,39,30,0.291446977,Angle_2013,69
metabolism,Angle,2013,39,24,0.358076264,Angle_2013,63
metabolism,Angle,2013,39,39,0.434550524,Angle_2013,78
metabolism,Angle,2013,39,33,-0.40656116,Angle_2013,72
metabolism,Angle,2013,39,38,0.237590627,Angle_2013,77
metabolism,Angle,2013,14,9,0.575792323,Angle_2013,23
metabolism,Angle,2013,14,12,-0.266534579,Angle_2013,26
metabolism,Angle,2013,14,12,0.767931397,Angle_2013,26
metabolism,Angle,2013,14,11,0.164666842,Angle_2013,25
metabolism,Angle,2013,14,14,-0.300438585,Angle_2013,28
metabolism,Angle,2013,14,9,0.2814217,Angle_2013,23
metabolism,Angle,2013,14,12,-0.177309833,Angle_2013,26
metabolism,Angle,2013,14,12,1.019069928,Angle_2013,26
metabolism,Angle,2013,14,11,0.312034663,Angle_2013,25
metabolism,Angle,2013,14,14,-0.166895474,Angle_2013,28
metabolism,Angle,2013,6,6,0.592773901,Angle_2013,12
metabolism,Angle,2013,6,6,-0.175798104,Angle_2013,12
metabolism,Angle,2013,6,6,1.105014096,Angle_2013,12
metabolism,Angle,2013,6,6,0.765975618,Angle_2013,12
metabolism,Angle,2013,6,6,1.431494844,Angle_2013,12
metabolism,DeCatanzaro,2013,15,15,-0.074954732,DeCatanzaro_2013,30
metabolism,DeCatanzaro,2013,15,15,0.212992835,DeCatanzaro_2013,30
metabolism,DeCatanzaro,2013,15,15,0.399758569,DeCatanzaro_2013,30
metabolism,Lee,2013,10,10,-0.373938373,Lee_2013,20
metabolism,Lee,2013,10,10,2.303055421,Lee_2013,20
metabolism,Lee,2013,15,14,-1.846645415,Lee_2013,29
metabolism,Lee,2013,10,10,-0.719231923,Lee_2013,20
metabolism,Lee,2013,10,10,2.303055421,Lee_2013,20
metabolism,Lee,2013,10,10,0.493511559,Lee_2013,20
metabolism,Lee,2013,10,10,2.211046182,Lee_2013,20
metabolism,Lee,2013,10,10,0.553964833,Lee_2013,20
metabolism,Lee,2013,10,10,2.738256926,Lee_2013,20
metabolism,Lee,2013,10,10,0.523668833,Lee_2013,20
metabolism,Lee,2013,10,10,1.342185807,Lee_2013,20
metabolism,Lee,2013,10,10,1.210874991,Lee_2013,20
metabolism,Lee,2013,10,10,1.67473938,Lee_2013,20
metabolism,Lee,2013,10,10,-1.116185364,Lee_2013,20
metabolism,Lee,2013,10,10,1.404028609,Lee_2013,20
metabolism,Lee,2013,10,10,0.265015371,Lee_2013,20
metabolism,Lee,2013,10,10,0.643348838,Lee_2013,20
metabolism,Lee,2013,10,10,0.608968765,Lee_2013,20
metabolism,Ma,2013,6,6,1.904433255,Ma_2013,12
metabolism,Mackay,2013,3,3,0.460658932,Mackay_2013,6
metabolism,Mackay,2013,3,3,0.276395359,Mackay_2013,6
metabolism,Mackay,2013,3,3,-0.070870599,Mackay_2013,6
metabolism,Mackay,2013,3,3,-0.177176497,Mackay_2013,6
metabolism,Mackay,2013,3,3,0.460658932,Mackay_2013,6
metabolism,Mackay,2013,3,3,1.658372155,Mackay_2013,6
metabolism,Mackay,2013,3,3,-0.388495008,Mackay_2013,6
metabolism,Mackay,2013,3,3,-0.938520883,Mackay_2013,6
metabolism,Mackay,2013,3,3,-0.813872365,Mackay_2013,6
metabolism,Mackay,2013,3,3,-0.203468091,Mackay_2013,6
metabolism,Mackay,2013,3,3,-0.293203964,Mackay_2013,6
metabolism,Mackay,2013,3,3,-0.829591203,Mackay_2013,6
metabolism,Mackay,2013,3,3,-0.460318016,Mackay_2013,6
metabolism,Mackay,2013,3,3,-0.180658408,Mackay_2013,6
metabolism,Mackay,2013,3,3,0.78877252,Mackay_2013,6
metabolism,Mackay,2013,3,3,2.530880572,Mackay_2013,6
metabolism,Mackay,2013,3,3,1.083950446,Mackay_2013,6
metabolism,Mackay,2013,3,3,2.622192715,Mackay_2013,6
metabolism,Mackay,2013,3,3,0.390848333,Mackay_2013,6
metabolism,Mackay,2013,3,3,1.611888002,Mackay_2013,6
metabolism,Mackay,2013,3,3,0.767196693,Mackay_2013,6
metabolism,Mackay,2013,3,3,1.841272063,Mackay_2013,6
metabolism,Mackay,2013,3,3,-0.942161915,Mackay_2013,6
metabolism,Mackay,2013,3,3,-0.659547481,Mackay_2013,6
metabolism,Mackay,2013,3,3,1.236694894,Mackay_2013,6
metabolism,Mackay,2013,3,3,0.925546091,Mackay_2013,6
metabolism,Patel,2013,8,8,-1.225436524,Patel_2013,16
metabolism,Patel,2013,8,8,-0.745545998,Patel_2013,16
metabolism,Patel,2013,8,8,-1.002627673,Patel_2013,16
metabolism,Patel,2013,8,8,-0.074268739,Patel_2013,16
metabolism,Patel,2013,8,8,-0.485484155,Patel_2013,16
metabolism,Patel,2013,8,8,0.255147843,Patel_2013,16
metabolism,Patel,2013,8,8,0.063972359,Patel_2013,16
metabolism,Patel,2013,8,8,0.086454672,Patel_2013,16
metabolism,Patel,2013,8,8,0.702454308,Patel_2013,16
metabolism,Patel,2013,8,8,0.49530753,Patel_2013,16
metabolism,Zhang,2013,32,31,1.142244188,Zhang_2013,63
metabolism,Zhang,2013,32,32,0.990146225,Zhang_2013,64
metabolism,Zhang,2013,32,32,0.864665862,Zhang_2013,64
metabolism,Cagampang,2012,6,8,2.291087101,Cagampang_2012,14
metabolism,Cagampang,2012,6,8,1.067096841,Cagampang_2012,14
metabolism,Cagampang,2012,6,8,0.830213955,Cagampang_2012,14
metabolism,Cagampang,2012,6,8,0.610462147,Cagampang_2012,14
metabolism,Cagampang,2012,6,8,5.889100677,Cagampang_2012,14
metabolism,Cagampang,2012,6,8,2.541114133,Cagampang_2012,14
metabolism,Cagampang,2012,6,8,1.064431611,Cagampang_2012,14
metabolism,Cagampang,2012,6,8,2.142325008,Cagampang_2012,14
metabolism,Cagampang,2012,6,8,1.09940358,Cagampang_2012,14
metabolism,Cagampang,2012,6,8,2.624040444,Cagampang_2012,14
metabolism,Kobayashi,2012,10,10,-0.128075832,Kobayashi_2012,20
metabolism,Kobayashi,2012,10,10,-0.194236976,Kobayashi_2012,20
metabolism,Kobayashi,2012,10,10,0.091921265,Kobayashi_2012,20
metabolism,Kobayashi,2012,10,10,-0.263427877,Kobayashi_2012,20
metabolism,Kobayashi,2012,10,10,0.934875746,Kobayashi_2012,20
metabolism,Kobayashi,2012,10,10,-0.959305922,Kobayashi_2012,20
metabolism,Kobayashi,2012,10,10,-0.61413754,Kobayashi_2012,20
metabolism,Kobayashi,2012,10,10,0.535742119,Kobayashi_2012,20
metabolism,Kobayashi,2012,10,10,0.059373484,Kobayashi_2012,20
metabolism,Xu,2012,10,10,-0.328069671,Xu_2012,20
metabolism,Xu,2012,10,10,0.580433812,Xu_2012,20
metabolism,Xu,2012,10,10,1.018622765,Xu_2012,20
metabolism,Xu,2012,10,10,-0.275306336,Xu_2012,20
metabolism,Adewale,2011,8,9,1.230258885,Adewale_2011,17
metabolism,Adewale,2011,8,8,0.222807272,Adewale_2011,16
metabolism,Ferguson,2011,13,13,-0.5010032,Ferguson_2011,26
metabolism,Ferguson,2011,13,13,-0.935684366,Ferguson_2011,26
metabolism,Ferguson,2011,10,10,-0.274029659,Ferguson_2011,20
metabolism,Ferguson,2011,10,10,0,Ferguson_2011,20
metabolism,Viberg,2011,15,15,-1.071952823,Viberg_2011,30
metabolism,Viberg,2011,15,15,-0.978382758,Viberg_2011,30
metabolism,Viberg,2011,15,15,-2.912540246,Viberg_2011,30
metabolism,Viberg,2011,15,15,0.089744091,Viberg_2011,30
metabolism,Viberg,2011,15,15,-0.289710638,Viberg_2011,30
metabolism,Viberg,2011,15,15,-0.089744091,Viberg_2011,30
metabolism,Wei,2011,6,6,1.506523442,Wei_2011,12
metabolism,Wei,2011,6,6,2.262921577,Wei_2011,12
metabolism,Wei,2011,6,6,0.714606814,Wei_2011,12
metabolism,Wei,2011,6,6,1.772721329,Wei_2011,12
metabolism,Wei,2011,6,6,1.506839546,Wei_2011,12
metabolism,Wei,2011,6,6,1.318481954,Wei_2011,12
metabolism,Xu,2011,7,7,-0.529708532,Xu_2011,14
metabolism,Xu,2011,7,7,0.81990515,Xu_2011,14
metabolism,Xu,2011,7,7,1.857922717,Xu_2011,14
metabolism,Alonso-Magdalena,2010,33,36,-0.878133923,Alonso-Magdalena_2010,69
metabolism,Alonso-Magdalena,2010,33,38,-0.631544387,Alonso-Magdalena_2010,71
metabolism,Alonso-Magdalena,2010,26,36,0.412613602,Alonso-Magdalena_2010,62
metabolism,Alonso-Magdalena,2010,33,36,-0.48501524,Alonso-Magdalena_2010,69
metabolism,Alonso-Magdalena,2010,33,38,-0.515650056,Alonso-Magdalena_2010,71
metabolism,Alonso-Magdalena,2010,26,36,-0.032528479,Alonso-Magdalena_2010,62
metabolism,Alonso-Magdalena,2010,26,38,-0.721105543,Alonso-Magdalena_2010,64
metabolism,Alonso-Magdalena,2010,6,6,1.877249572,Alonso-Magdalena_2010,12
metabolism,Alonso-Magdalena,2010,6,6,1.194878242,Alonso-Magdalena_2010,12
metabolism,Alonso-Magdalena,2010,6,6,0.076074836,Alonso-Magdalena_2010,12
metabolism,Alonso-Magdalena,2010,6,6,0.139903187,Alonso-Magdalena_2010,12
metabolism,Fernandez,2010,6,6,0.025603129,Fernandez_2010,12
metabolism,Fernandez,2010,6,6,0.086140057,Fernandez_2010,12
metabolism,Ryan,2010a,33,7,-0.31942665,Ryan_2010a,40
metabolism,Ryan,2010a,33,13,-0.539983909,Ryan_2010a,46
metabolism,Ryan,2010a,33,15,-0.451534843,Ryan_2010a,48
metabolism,Ryan,2010b,10,10,-0.592521507,Ryan_2010b,20
metabolism,Ryan,2010b,10,10,0.723450393,Ryan_2010b,20
metabolism,Ryan,2010b,8,6,-0.152877392,Ryan_2010b,14
metabolism,Ryan,2010b,8,8,-0.682782099,Ryan_2010b,16
metabolism,Ryan,2010b,10,10,-0.080762929,Ryan_2010b,20
metabolism,Xu,2010,10,10,-1.557460817,Xu_2010,20
metabolism,Xu,2010,10,10,-1.662939255,Xu_2010,20
metabolism,Xu,2010,10,10,-0.95025253,Xu_2010,20
metabolism,Xu,2010,10,10,1.532241586,Xu_2010,20
metabolism,Salian,2009,24,24,0.942716814,Salian_2009,48
metabolism,Salian,2009,24,24,0.132901396,Salian_2009,48
metabolism,Somm,2009,26,26,1.027555153,Somm_2009,52
metabolism,Salian,2009,55,45,0.423990384,Salian_2009,100
metabolism,Salian,2009,10,10,1.015739555,Salian_2009,20
metabolism,Somm,2009,8,8,0.935790022,Somm_2009,16
metabolism,Somm,2009,8,8,0.405290477,Somm_2009,16
metabolism,Somm,2009,10,10,2.454991759,Somm_2009,20
metabolism,Somm,2009,10,10,0.858196587,Somm_2009,20
metabolism,Somm,2009,10,10,1.559138564,Somm_2009,20
metabolism,Somm,2009,10,10,0.295577489,Somm_2009,20
metabolism,Somm,2009,10,10,-0.12200509,Somm_2009,20
metabolism,Somm,2009,10,10,0.647105276,Somm_2009,20
metabolism,Howdeshell,2008,33,7,-0.458309195,Howdeshell_2008,40
metabolism,Howdeshell,2008,33,13,-0.470054266,Howdeshell_2008,46
metabolism,Howdeshell,2008,24,7,-0.325746172,Howdeshell_2008,31
metabolism,Howdeshell,2008,24,13,-0.032101505,Howdeshell_2008,37
metabolism,Howdeshell,2008,24,18,-0.411430786,Howdeshell_2008,42
metabolism,Patisaul,2008,6,6,1.075093127,Patisaul_2008,12
metabolism,Vandenberg,2008,6,6,-1.011533651,Vandenberg_2008,12
metabolism,Vandenberg,2008,6,6,-0.197435887,Vandenberg_2008,12
metabolism,Vandenberg,2008,6,6,-0.924915926,Vandenberg_2008,12
metabolism,Vandenberg,2008,6,6,2.009054863,Vandenberg_2008,12
metabolism,Durando,2007,11,11,-0.444129429,Durando_2007,22
metabolism,Newbold,2007,24,24,0.640886291,Newbold_2007,48
metabolism,Newbold,2007,24,24,-0.21763489,Newbold_2007,48
metabolism,Newbold,2007,24,24,0.087503702,Newbold_2007,48
metabolism,Kato,2006,8,8,-0.112075442,Kato_2006,16
metabolism,Kato,2006,8,8,-0.098394113,Kato_2006,16
metabolism,Kato,2006,8,8,-0.593835608,Kato_2006,16
metabolism,Kato,2006,8,8,-0.478048587,Kato_2006,16
metabolism,Kato,2006,8,8,-0.422745543,Kato_2006,16
metabolism,Kato,2006,8,8,0.461388855,Kato_2006,16
metabolism,Kato,2006,8,8,0.04174362,Kato_2006,16
metabolism,Kato,2006,8,8,0.076685437,Kato_2006,16
metabolism,Ryan,2006,62,56,-0.027823745,Ryan_2006,118
metabolism,Ryan,2006,62,63,0.023402622,Ryan_2006,125
metabolism,Ryan,2006,71,65,-0.018074386,Ryan_2006,136
metabolism,Ryan,2006,71,62,-0.046247604,Ryan_2006,133
metabolism,Zoeller,2005,7,9,-0.411895051,Zoeller_2005,16
metabolism,Zoeller,2005,7,8,0.459262082,Zoeller_2005,15
metabolism,Zoeller,2005,8,9,-0.197659372,Zoeller_2005,17
metabolism,Zoeller,2005,8,9,-0.206793868,Zoeller_2005,17
metabolism,Zoeller,2005,8,7,0.5889544,Zoeller_2005,15
metabolism,Takagi,2004,8,8,-0.309486811,Takagi_2004,16
metabolism,Takagi,2004,8,8,1.029273596,Takagi_2004,16
metabolism,Takagi,2004,8,8,-0.911471011,Takagi_2004,16
metabolism,Takagi,2004,8,8,-0.445615839,Takagi_2004,16
metabolism,Takagi,2004,8,8,0.105187106,Takagi_2004,16
metabolism,Takagi,2004,8,8,-1.436779961,Takagi_2004,16
metabolism,Takagi,2004,12,19,0.58917023,Takagi_2004,31
metabolism,Zoeller,2005,8,9,-0.569024904,Zoeller_2005,17
metabolism,Zoeller,2005,7,9,-0.390569802,Zoeller_2005,16
metabolism,Zoeller,2005,8,9,0.653014736,Zoeller_2005,17
metabolism,Zoeller,2005,8,9,-0.497871375,Zoeller_2005,17
metabolism,Zoeller,2005,8,9,0.324868713,Zoeller_2005,17
metabolism,Zoeller,2005,8,9,0.647734847,Zoeller_2005,17
metabolism,Akingbemi,2004,7,7,1.092117349,Akingbemi_2004,14
metabolism,Takagi,2004,6,5,-1.430440467,Takagi_2004,11
metabolism,Takagi,2004,6,5,1.239847359,Takagi_2004,11
metabolism,Takagi,2004,6,6,-2.533514233,Takagi_2004,12
metabolism,Takagi,2004,6,5,-2.276795367,Takagi_2004,11
metabolism,Takagi,2004,6,5,-0.68303861,Takagi_2004,11
metabolism,Takagi,2004,6,6,-3.307041532,Takagi_2004,12
metabolism,Yoshida,2004,12,15,0.419186163,Yoshida_2004,27
metabolism,Yoshida,2004,12,19,0.718406106,Yoshida_2004,31
metabolism,Yoshida,2004,12,15,0.701168225,Yoshida_2004,27
metabolism,Yoshida,2004,12,19,0.591622844,Yoshida_2004,31
metabolism,Ichihara,2003,12,12,0,Ichihara_2003,24
metabolism,Ichihara,2003,12,12,-0.292276123,Ichihara_2003,24
metabolism,Ichihara,2003,12,12,0.040394895,Ichihara_2003,24
metabolism,Kato,2003,8,8,-0.66106916,Kato_2003,16
metabolism,Kato,2003,8,8,-0.984661879,Kato_2003,16
metabolism,Kato,2003,8,6,-5.748293964,Kato_2003,14
metabolism,Negishi,2003,27,27,-0.649830022,Negishi_2003,54
metabolism,Negishi,2003,27,27,-0.999592909,Negishi_2003,54
metabolism,Negishi,2003,27,27,-0.946811827,Negishi_2003,54
metabolism,Negishi,2003,15,15,-0.648955266,Negishi_2003,30
metabolism,Negishi,2003,27,27,-0.917923461,Negishi_2003,54
metabolism,Negishi,2003,27,27,-1.274854046,Negishi_2003,54
metabolism,Honma,2002,10,10,0.856545004,Honma_2002,20
metabolism,Honma,2002,10,10,0.662127003,Honma_2002,20
metabolism,Honma,2002,10,10,-0.665560042,Honma_2002,20
metabolism,Honma,2002,10,10,-1.427575006,Honma_2002,20
metabolism,Kato,2003,8,8,0.240019455,Kato_2003,16
metabolism,Kato,2003,8,8,-0.461786137,Kato_2003,16
metabolism,Negishi,2003,9,9,0.023771388,Negishi_2003,18
metabolism,Negishi,2003,9,9,-0.205777313,Negishi_2003,18
metabolism,Negishi,2003,9,9,-0.237430571,Negishi_2003,18
metabolism,Negishi,2003,9,9,-0.006645543,Negishi_2003,18
metabolism,Negishi,2003,9,9,-0.027126051,Negishi_2003,18
metabolism,Negishi,2003,9,9,-0.818569197,Negishi_2003,18
metabolism,Honma,2002,10,10,-0.15916621,Honma_2002,20
metabolism,Honma,2002,10,10,-0.421864098,Honma_2002,20
metabolism,Honma,2002,10,10,-0.696790127,Honma_2002,20
metabolism,Honma,2002,10,10,-0.950251277,Honma_2002,20
metabolism,Kobayashi,2002,5,5,-1.484379831,Kobayashi_2002,10
metabolism,Kobayashi,2002,5,5,-1.049623184,Kobayashi_2002,10
metabolism,Kobayashi,2002,5,4,0.294320445,Kobayashi_2002,9
metabolism,Kobayashi,2002,5,4,0.091976013,Kobayashi_2002,9
metabolism,Kobayashi,2002,6,10,-0.422745468,Kobayashi_2002,16
metabolism,Nagao,2002,10,10,-0.530248704,Nagao_2002,20
metabolism,Nagao,2002,10,10,-0.967334821,Nagao_2002,20
metabolism,Nagao,2002,10,10,0.036290631,Nagao_2002,20
metabolism,Tinwell,2002a,7,7,0.798807499,Tinwell_2002a,14
metabolism,Tinwell,2002a,7,7,0.592729906,Tinwell_2002a,14
metabolism,Tinwell,2002a,7,7,0.481018072,Tinwell_2002a,14
metabolism,Tinwell,2002a,7,7,0.755082817,Tinwell_2002a,14
metabolism,Tinwell,2002a,7,7,-0.226999235,Tinwell_2002a,14
metabolism,Tinwell,2002a,7,7,-0.561565094,Tinwell_2002a,14
metabolism,Tinwell,2002b,7,7,0.401117924,Tinwell_2002b,14
metabolism,Tinwell,2002b,7,6,0.265702803,Tinwell_2002b,13
metabolism,Tinwell,2002b,7,7,-0.71783461,Tinwell_2002b,14
metabolism,Tinwell,2002b,7,7,-0.176171064,Tinwell_2002b,14
metabolism,Tinwell,2002b,7,6,-0.266507486,Tinwell_2002b,13
metabolism,Tinwell,2002b,7,7,-1.384810991,Tinwell_2002b,14
metabolism,Tinwell,2002b,7,7,-0.00937584,Tinwell_2002b,14
metabolism,Tinwell,2002b,7,7,-0.081353786,Tinwell_2002b,14
metabolism,Tinwell,2002b,7,7,0.295242381,Tinwell_2002b,14
metabolism,Tinwell,2002b,7,6,0.054508903,Tinwell_2002b,13
metabolism,Tinwell,2002b,7,7,-0.632022272,Tinwell_2002b,14
metabolism,Tinwell,2002b,7,7,-0.560765501,Tinwell_2002b,14
metabolism,Yoshino,2002,5,5,0.348821967,Yoshino_2002,10
metabolism,Yoshino,2002,10,10,0.170707091,Yoshino_2002,20
metabolism,Rubin,2001,23,18,1.31367559,Rubin_2001,41
metabolism,Rubin,2001,23,28,0.678977265,Rubin_2001,51
metabolism,Rubin,2001,27,19,1.589798344,Rubin_2001,46
metabolism,Rubin,2001,27,19,1.170277141,Rubin_2001,46
metabolism,Rubin,2001,23,18,0.626004194,Rubin_2001,41
metabolism,Rubin,2001,23,28,-0.087963717,Rubin_2001,51
metabolism,Rubin,2001,27,19,0.333374981,Rubin_2001,46
metabolism,Rubin,2001,27,19,0.381993492,Rubin_2001,46
metabolism,Howdeshell,2000,21,21,1.7841271,Howdeshell_2000,42
metabolism,Howdeshell,2000,21,21,2.248015312,Howdeshell_2000,42
metabolism,Kwon,2000,8,8,-0.159952887,Kwon_2000,16
metabolism,Kwon,2000,8,8,-0.840433886,Kwon_2000,16
metabolism,Kwon,2000,8,7,-0.808782707,Kwon_2000,15
metabolism,Kwon,2000,8,8,0.989167475,Kwon_2000,16
metabolism,Kwon,2000,8,8,-0.59454393,Kwon_2000,16
metabolism,Kwon,2000,8,7,-0.792928156,Kwon_2000,15
metabolism,Ashby,1999,8,6,-0.334518375,Ashby_1999,14
metabolism,Ashby,1999,8,8,-0.163290271,Ashby_1999,16
metabolism,Ashby,1999,8,7,-0.560911159,Ashby_1999,15
metabolism,Ashby,1999,8,6,-0.216069828,Ashby_1999,14
metabolism,Ashby,1999,8,6,-0.837996347,Ashby_1999,14
metabolism,Ashby,1999,6,7,0.92995981,Ashby_1999,13
metabolism,Ashby,1999,6,6,0.597338981,Ashby_1999,12
metabolism,Cagen,1999,51,26,-0.199334849,Cagen_1999,77
metabolism,Cagen,1999,51,28,-0.181505811,Cagen_1999,79
metabolism,Cagen,1999,51,27,-0.180978467,Cagen_1999,78
metabolism,Cagen,1999,51,25,0.034494003,Cagen_1999,76
metabolism,Nagao,1999,29,30,-1.056061562,Nagao_1999,59
metabolism,Nagao,1999,30,31,-0.809434981,Nagao_1999,61
metabolism,Nagao,1999,24,25,-0.314807676,Nagao_1999,49
metabolism,Nagao,1999,25,25,-0.198839132,Nagao_1999,50
metabolism,vomSaal,1998,11,7,-1.142545978,vomSaal_1998,18
metabolism,vomSaal,1998,11,7,-0.415471265,vomSaal_1998,18
metabolism,Lin,2011,5,5,-3.431388259,Lin_2011,10
metabolism,Lin,2011,5,5,-3.651857565,Lin_2011,10
metabolism,Lin,2011,5,5,-2.961424705,Lin_2011,10
metabolism,Hao,2012,16,13,-0.818358596,Hao_2012,29
metabolism,Lin,2011,5,5,-2.23407093,Lin_2011,10
metabolism,Hao,2012,16,14,-0.275146624,Hao_2012,30
metabolism,Hao,2012,16,12,0.268861345,Hao_2012,28
metabolism,Hao,2012,16,10,0.305708526,Hao_2012,26
metabolism,Hao,2012,16,10,0.599275486,Hao_2012,26
metabolism,Hao,2013,16,11,0.464797579,Hao_2013,27
metabolism,Hao,2012,16,12,1.341592695,Hao_2012,28
metabolism,Hao,2013,16,10,1.323921692,Hao_2013,26
metabolism,Hao,2012,16,12,-0.268861345,Hao_2012,28
metabolism,Hao,2012,16,10,0,Hao_2012,26
metabolism,Hao,2012,16,10,0,Hao_2012,26
metabolism,Hao,2013,16,10,0.998792476,Hao_2013,26
metabolism,Hao,2012,16,13,0.084588371,Hao_2012,29
metabolism,Hao,2012,16,14,0.417676907,Hao_2012,30
metabolism,Schmidt,2012,12,12,3.596086403,Schmidt_2012,24
metabolism,Schmidt,2012,12,12,1.564688497,Schmidt_2012,24
metabolism,Schmidt,2012,12,12,1.058464042,Schmidt_2012,24
metabolism,Hao,2013,16,11,1.159996784,Hao_2013,27
metabolism,Schmidt,2012,12,12,2.503582241,Schmidt_2012,24
metabolism,Hao,2012,16,12,2.82322419,Hao_2012,28
metabolism,Pocar,2012,33,27,-0.825455013,Pocar_2012,60
metabolism,Pocar,2012,33,24,-0.245993838,Pocar_2012,57
metabolism,Pocar,2012,33,27,-0.95231793,Pocar_2012,60
metabolism,Pocar,2012,33,28,-0.075810994,Pocar_2012,61
metabolism,Hao,2012,16,10,-0.520596375,Hao_2012,26
metabolism,Hao,2012,16,10,0,Hao_2012,26
metabolism,Hao,2012,16,12,0.32888257,Hao_2012,28
metabolism,Tanaka,2003,59,53,0.058240304,Tanaka_2003,112
metabolism,Hayashi,2011,8,3,-0.561871714,Hayashi_2011,11
metabolism,Hayashi,2011,8,7,-0.383000864,Hayashi_2011,15
metabolism,Tanaka,2003,76,52,0.813828499,Tanaka_2003,128
metabolism,Zhang,2013,10,10,-2.630266869,Zhang_2013,20
metabolism,Hayashi,2011,6,6,-0.451532217,Hayashi_2011,12
metabolism,Hayashi,2011,8,5,-0.262634069,Hayashi_2011,13
metabolism,Hayashi,2011,6,6,-0.335673922,Hayashi_2011,12
metabolism,Zhang,2013,10,10,-1.144711884,Zhang_2013,20
metabolism,Niermann,2015,3,3,0.786337509,Niermann_2015,6
metabolism,Lin,2011,5,5,0.194606076,Lin_2011,10
metabolism,Lin,2011,5,5,0.40384841,Lin_2011,10
metabolism,Lin,2011,5,5,0.452251601,Lin_2011,10
metabolism,Campioli,2014,6,6,0.04814017,Campioli_2014,12
metabolism,Lin,2011,5,5,0.922842898,Lin_2011,10
metabolism,Campioli,2014,6,6,0.603490703,Campioli_2014,12
metabolism,Li,2013,10,10,-0.770660069,Li_2013,20
metabolism,Christiansen,2010a,15,7,-1.36507956,Christiansen_2010a,22
metabolism,Jarfelt,2005,12,15,-0.916989381,Jarfelt_2005,27
metabolism,Christiansen,2010b,15,8,-0.795336221,Christiansen_2010b,23
metabolism,Jarfelt,2005,12,15,-0.59980661,Jarfelt_2005,27
metabolism,Christiansen,2010b,15,6,-0.765432121,Christiansen_2010b,21
metabolism,Niermann,2015,3,3,-1.346779358,Niermann_2015,6
metabolism,Christiansen,2010a,15,6,-1.322430799,Christiansen_2010a,21
metabolism,Christiansen,2010a,15,7,-1.247029417,Christiansen_2010a,22
metabolism,Christiansen,2010a,15,6,-0.768705601,Christiansen_2010a,21
metabolism,Christiansen,2010a,15,7,-0.698933064,Christiansen_2010a,22
metabolism,Christiansen,2010b,15,8,-0.685945138,Christiansen_2010b,23
metabolism,Christiansen,2010b,15,6,-0.205598557,Christiansen_2010b,21
metabolism,Christiansen,2010b,15,6,-0.76391821,Christiansen_2010b,21
metabolism,Li,2013,10,10,-0.367024383,Li_2013,20
metabolism,Christiansen,2010b,15,6,-0.242173268,Christiansen_2010b,21
metabolism,Parks,2000,5,5,-2.617224204,Parks_2000,10
metabolism,Grande,2006,19,16,0.414776989,Grande_2006,35
metabolism,Li,2013,10,10,-0.24267687,Li_2013,20
metabolism,Andrade,2006b,18,18,0.155169053,Andrade_2006b,36
metabolism,Shirota,2005,8,9,0.453280917,Shirota_2005,17
metabolism,Andrade,2006b,21,15,0.679727927,Andrade_2006b,36
metabolism,Andrade,2006b,21,15,0.633541132,Andrade_2006b,36
metabolism,Andrade,2006b,21,13,0.665522474,Andrade_2006b,34
metabolism,Grande,2006,19,21,0.907375336,Grande_2006,40
metabolism,Grande,2006,19,19,0.887232415,Grande_2006,38
metabolism,Shirota,2005,8,8,1.195704908,Shirota_2005,16
metabolism,Shirota,2005,8,8,1.890575459,Shirota_2005,16
metabolism,Andrade,2006b,21,19,0.774420551,Andrade_2006b,40
metabolism,Grande,2006,19,24,1.498291363,Grande_2006,43
metabolism,Andrade,2006b,21,26,1.203665658,Andrade_2006b,47
metabolism,Shirota,2005,8,8,1.890575459,Shirota_2005,16
metabolism,Pocar,2012,33,27,-0.760559125,Pocar_2012,60
metabolism,Pocar,2012,33,28,-1.238301729,Pocar_2012,61
metabolism,Parks,2000,5,5,-0.904041554,Parks_2000,10
metabolism,Howdeshell,2007,6,6,0.032482161,Howdeshell_2007,12
metabolism,Howdeshell,2007,6,6,0.162434057,Howdeshell_2007,12
metabolism,Shirota,2005,8,9,-0.086440267,Shirota_2005,17
metabolism,Shirota,2005,8,8,0.151125185,Shirota_2005,16
metabolism,Dostal,1987b,7,7,-4.027190948,Dostal_1987b,14
metabolism,Shirota,2005,8,8,0.46346544,Shirota_2005,16
metabolism,Schmidt,2012,12,12,6.231008429,Schmidt_2012,24
metabolism,Schmidt,2012,12,12,1.661978932,Schmidt_2012,24
metabolism,Schmidt,2012,12,12,9.510489196,Schmidt_2012,24
metabolism,Schmidt,2012,12,12,4.53781504,Schmidt_2012,24
metabolism,Niermann,2015,3,3,-1.577834331,Niermann_2015,6
metabolism,Hao,2012,16,10,-0.535613718,Hao_2012,26
metabolism,Hao,2012,16,12,-0.59869977,Hao_2012,28
metabolism,Hao,2012,16,10,0.108005065,Hao_2012,26
metabolism,Dostal,1987a,6,6,-4.122390899,Dostal_1987a,12
metabolism,Hao,2013,16,10,0.791235394,Hao_2013,26
metabolism,Dostal,1987b,7,7,-1.76234196,Dostal_1987b,14
metabolism,Hao,2012,16,14,-0.054538111,Hao_2012,30
metabolism,Hao,2012,16,13,0.438322444,Hao_2012,29
metabolism,Hao,2012,16,12,1.241329389,Hao_2012,28
metabolism,Dostal,1987a,6,6,-1.296014908,Dostal_1987a,12
metabolism,Hao,2013,16,11,1.347440385,Hao_2013,27
metabolism,Jarfelt,2005,12,15,-0.480617083,Jarfelt_2005,27
metabolism,Dostal,1987a,6,6,-0.341056555,Dostal_1987a,12
metabolism,Christiansen,2010a,15,7,-0.803977125,Christiansen_2010a,22
metabolism,Christiansen,2010a,15,6,-0.672085367,Christiansen_2010a,21
metabolism,Christiansen,2010a,15,7,-0.969382151,Christiansen_2010a,22
metabolism,Christiansen,2010a,15,7,-0.478785404,Christiansen_2010a,22
metabolism,Schmidt,2012,12,12,0.447428089,Schmidt_2012,24
metabolism,Schmidt,2012,12,12,0.447428089,Schmidt_2012,24
metabolism,Schmidt,2012,12,12,0.413902187,Schmidt_2012,24
metabolism,Schmidt,2012,12,12,0.413902187,Schmidt_2012,24
metabolism,Christiansen,2010a,15,7,-0.213909579,Christiansen_2010a,22
metabolism,Jarfelt,2005,12,11,0.472316913,Jarfelt_2005,23
metabolism,Pocar,2012,33,27,-0.956141155,Pocar_2012,60
metabolism,Christiansen,2010b,15,8,-0.526826955,Christiansen_2010b,23
metabolism,Niermann,2015,3,3,-2.361895301,Niermann_2015,6
metabolism,Pocar,2012,33,24,-1.504350853,Pocar_2012,57
metabolism,Christiansen,2010a,15,8,0.520097041,Christiansen_2010a,23
metabolism,Christiansen,2010b,15,6,-0.426110538,Christiansen_2010b,21
metabolism,Christiansen,2010b,15,14,-0.44440675,Christiansen_2010b,29
metabolism,Pocar,2012,33,27,-0.64356436,Pocar_2012,60
metabolism,Pocar,2012,33,27,-0.64356436,Pocar_2012,60
metabolism,Schmidt,2012,12,12,0.527785313,Schmidt_2012,24
metabolism,Schmidt,2012,12,12,0.527785313,Schmidt_2012,24
metabolism,Christiansen,2010a,15,7,-1.106341341,Christiansen_2010a,22
metabolism,Christiansen,2010a,15,7,0.897241229,Christiansen_2010a,22
metabolism,Schmidt,2012,12,12,0.661823472,Schmidt_2012,24
metabolism,Schmidt,2012,12,12,0.661823472,Schmidt_2012,24
metabolism,Christiansen,2010b,15,6,-0.087911167,Christiansen_2010b,21
metabolism,Pocar,2012,33,28,-0.946857552,Pocar_2012,61
metabolism,Dostal,1987b,7,7,-1.914207543,Dostal_1987b,14
metabolism,Pocar,2012,33,28,-0.946857552,Pocar_2012,61
metabolism,Christiansen,2010a,15,7,-0.885073073,Christiansen_2010a,22
metabolism,Christiansen,2010a,15,6,-0.921320083,Christiansen_2010a,21
metabolism,Niermann,2015,3,3,-0.244680697,Niermann_2015,6
metabolism,Dostal,1987a,13,6,-2.133334384,Dostal_1987a,19
metabolism,Christiansen,2010a,15,7,0.931609631,Christiansen_2010a,22
metabolism,Christiansen,2010a,15,7,-0.221268268,Christiansen_2010a,22
metabolism,Shirota,2005,8,9,-0.688860234,Shirota_2005,17
metabolism,Christiansen,2010b,15,6,-0.690990062,Christiansen_2010b,21
metabolism,Christiansen,2010b,15,14,-0.510151064,Christiansen_2010b,29
metabolism,Christiansen,2010b,15,8,-0.424007688,Christiansen_2010b,23
metabolism,Dostal,1987a,13,6,0.450499415,Dostal_1987a,19
metabolism,Dostal,1987a,13,6,0.690992302,Dostal_1987a,19
metabolism,Dostal,1987b,9,9,-0.269200745,Dostal_1987b,18
metabolism,Christiansen,2010a,15,8,1.083197826,Christiansen_2010a,23
metabolism,Christiansen,2010a,15,7,0.885073073,Christiansen_2010a,22
metabolism,Christiansen,2010b,15,6,0,Christiansen_2010b,21
metabolism,Niermann,2015,3,3,-0.627891767,Niermann_2015,6
metabolism,Dostal,1987a,6,6,-0.757733905,Dostal_1987a,12
metabolism,Niermann,2015,3,3,0.01950111,Niermann_2015,6
metabolism,Niermann,2015,3,3,0.028510699,Niermann_2015,6
metabolism,Niermann,2015,3,3,0.797141025,Niermann_2015,6
metabolism,Grande,2006,17,16,-0.474311385,Grande_2006,33
metabolism,Grande,2006,19,26,-0.57618717,Grande_2006,45
metabolism,Grande,2006,17,23,-0.448366094,Grande_2006,40
metabolism,Andrade,2006b,18,15,-0.697309861,Andrade_2006b,33
metabolism,Grande,2006,17,21,-0.134746964,Grande_2006,38
metabolism,Grande,2006,17,19,-0.181212968,Grande_2006,36
metabolism,Grande,2006,17,21,-0.181836872,Grande_2006,38
metabolism,Grande,2006,17,18,-0.147689942,Grande_2006,35
metabolism,Andrade,2006b,18,18,-0.517632435,Andrade_2006b,36
metabolism,Andrade,2006b,18,18,-0.555139354,Andrade_2006b,36
metabolism,Andrade,2006b,18,12,-0.476509813,Andrade_2006b,30
metabolism,Andrade,2006b,18,15,-0.481361248,Andrade_2006b,33
metabolism,Andrade,2006b,18,13,-0.374665233,Andrade_2006b,31
metabolism,Kobayashi,2006,8,7,0.098935048,Kobayashi_2006,15
metabolism,Andrade,2006b,18,11,-0.269618543,Andrade_2006b,29
metabolism,Grande,2006,17,23,0.448366094,Grande_2006,40
metabolism,Grande,2006,17,21,0.385205845,Grande_2006,38
metabolism,Grande,2006,17,10,0.567909117,Grande_2006,27
metabolism,Andrade,2006b,18,12,0.082470064,Andrade_2006b,30
metabolism,Andrade,2006b,18,18,0.143771234,Andrade_2006b,36
metabolism,Jarfelt,2005,30,30,1.105222988,Jarfelt_2005,60
metabolism,Kobayashi,2006,8,7,0.654393976,Kobayashi_2006,15
metabolism,Andrade,2006b,18,20,0.602004961,Andrade_2006b,38
metabolism,Shirota,2005,8,9,-0.34586271,Shirota_2005,17
metabolism,Hao,2013,16,10,1.535587759,Hao_2013,26
metabolism,Shirota,2005,8,8,0.419011746,Shirota_2005,16
metabolism,Shirota,2005,8,8,0.948389584,Shirota_2005,16
metabolism,Campioli,2014,8,4,-0.676997684,Campioli_2014,12
metabolism,Campioli,2014,8,4,0.026709809,Campioli_2014,12
metabolism,Dostal,1987a,6,6,-0.646685465,Dostal_1987a,12
metabolism,Dostal,1987a,6,6,-0.565700944,Dostal_1987a,12
metabolism,Hao,2012,16,13,-0.201860981,Hao_2012,29
metabolism,Campioli,2014,8,4,0.454576626,Campioli_2014,12
metabolism,Dostal,1987a,6,6,-0.351789239,Dostal_1987a,12
metabolism,Hao,2012,16,14,0.264211642,Hao_2012,30
metabolism,Campioli,2014,8,4,0.554828937,Campioli_2014,12
metabolism,Lin,2009,19,18,-1.591684882,Lin_2009,37
metabolism,Dostal,1987a,6,6,-0.491480954,Dostal_1987a,12
metabolism,Hao,2013,16,11,0.823740524,Hao_2013,27
metabolism,Dostal,1987a,12,6,-1.006687375,Dostal_1987a,18
metabolism,Hao,2012,16,12,1.371852082,Hao_2012,28
metabolism,Dostal,1987a,12,6,-0.87556779,Dostal_1987a,18
metabolism,Dostal,1988,7,7,-0.992837275,Dostal_1988,14
metabolism,Dostal,1988,7,7,-1.171963316,Dostal_1988,14
metabolism,Dostal,1988,7,7,-0.546916214,Dostal_1988,14
metabolism,Dostal,1988,7,7,-0.468785326,Dostal_1988,14
metabolism,Dostal,1987a,12,6,-0.434125912,Dostal_1987a,18
metabolism,Grande,2007,19,20,0.305368587,Grande_2007,39
metabolism,Grande,2007,19,20,0.362833141,Grande_2007,39
metabolism,Grande,2007,19,19,0.43319716,Grande_2007,38
metabolism,Grande,2007,19,20,0.372619008,Grande_2007,39
metabolism,Grande,2007,19,20,0.477196945,Grande_2007,39
metabolism,Grande,2007,19,20,0.504035424,Grande_2007,39
metabolism,Grande,2007,19,21,0.730928656,Grande_2007,40
metabolism,Grande,2007,19,20,0.716133644,Grande_2007,39
metabolism,Grande,2007,19,20,0.95558668,Grande_2007,39
metabolism,Grande,2007,19,20,0.929690877,Grande_2007,39
metabolism,Kobayashi,2006,8,7,-0.299599054,Kobayashi_2006,15
metabolism,Kobayashi,2006,8,8,0.117349776,Kobayashi_2006,16
metabolism,Dalsenter,2006,10,10,-1.529254508,Dalsenter_2006,20
metabolism,Kobayashi,2006,8,7,0.372672497,Kobayashi_2006,15
metabolism,Dalsenter,2006,10,10,0.086103427,Dalsenter_2006,20
metabolism,Wei,2012,6,6,0.565063772,Wei_2012,12
metabolism,Dalsenter,2006,10,10,1.054653568,Dalsenter_2006,20
metabolism,Wei,2012,6,6,-1.918674161,Wei_2012,12
metabolism,Vo,2009,8,8,-0.8867677,Vo_2009,16
metabolism,Vo,2009,8,8,-0.654268112,Vo_2009,16
metabolism,Culty,2008,5,3,-0.944916505,Culty_2008,8
metabolism,Lin,2009,19,21,-0.250138922,Lin_2009,40
metabolism,Lin,2009,19,19,-0.275778656,Lin_2009,38
metabolism,Vo,2009,8,8,-0.828323134,Vo_2009,16
metabolism,Wei,2012,6,6,0.332802571,Wei_2012,12
metabolism,Wei,2012,6,6,0.332802571,Wei_2012,12
metabolism,Culty,2008,5,3,-0.183801649,Culty_2008,8
metabolism,Culty,2008,5,5,-0.158345905,Culty_2008,10
metabolism,Martino-Andrade,2009,7,6,0.030546315,Martino-Andrade_2009,13
metabolism,Culty,2008,5,3,0.439776583,Culty_2008,8
metabolism,Culty,2008,5,4,0.33062057,Culty_2008,9
metabolism,Culty,2008,5,3,0.960543185,Culty_2008,8
metabolism,Kobayashi,2006,8,7,-0.355090502,Kobayashi_2006,15
metabolism,Kobayashi,2006,8,7,0.063369817,Kobayashi_2006,15
metabolism,Kobayashi,2006,8,6,0.066410551,Kobayashi_2006,14
metabolism,Dalsenter,2006,10,10,-0.238385813,Dalsenter_2006,20
metabolism,Dalsenter,2006,10,10,-0.086964505,Dalsenter_2006,20
metabolism,Dalsenter,2006,10,10,0.289296567,Dalsenter_2006,20
metabolism,Wei,2012,6,6,0.075345638,Wei_2012,12
metabolism,Jarfelt,2005,16,16,-0.219649176,Jarfelt_2005,32
metabolism,Campioli,2014,6,6,0.105241035,Campioli_2014,12
metabolism,Jarfelt,2005,16,16,-0.04666889,Jarfelt_2005,32
metabolism,Campioli,2014,6,6,0.163381109,Campioli_2014,12
metabolism,Andrade,2006a,20,20,-0.650631339,Andrade_2006a,40
metabolism,Wei,2012,6,6,-3.089018589,Wei_2012,12
metabolism,Andrade,2006a,20,20,-0.552709298,Andrade_2006a,40
metabolism,Andrade,2006a,20,20,-0.47104387,Andrade_2006a,40
metabolism,Andrade,2006a,20,20,-0.523399972,Andrade_2006a,40
metabolism,Andrade,2006a,20,20,-0.364633103,Andrade_2006a,40
metabolism,Andrade,2006a,20,20,-0.342990556,Andrade_2006a,40
metabolism,Andrade,2006a,20,20,-0.206084439,Andrade_2006a,40
metabolism,Andrade,2006a,20,20,-0.166376048,Andrade_2006a,40
metabolism,Andrade,2006a,20,20,-0.022962436,Andrade_2006a,40
metabolism,Andrade,2006a,20,19,0.044699241,Andrade_2006a,39
metabolism,Wei,2012,6,6,0,Wei_2012,12
metabolism,Wei,2012,6,6,0,Wei_2012,12
metabolism,Gray,2000,19,16,-0.098139469,Gray_2000,35
metabolism,Howdeshell,2007,6,6,-0.145698336,Howdeshell_2007,12
metabolism,Jaiswal et al. ,1996,8,15,-0.42400766,Jaiswal et al. _1996,23
metabolism,Jaiswal et al. ,1996,8,15,-0.275940528,Jaiswal et al. _1996,23
metabolism,Khan et al. ,2003,6,6,0.753418634,Khan et al. _2003,12
metabolism,Jaiswal et al. ,1996,12,7,0.083117897,Jaiswal et al. _1996,19
metabolism,Reyes-Castro et al. ,2012,8,8,-1.485377521,Reyes-Castro et al. _2012a,16
metabolism,Reyes-Castro et al. ,2012,8,8,-1.485377521,Reyes-Castro et al. _2012a,16
metabolism,Rudyk et al. ,2011,7,8,0.125744071,Rudyk et al. _2011,15
metabolism,"Perreira-da-Silva, Cabral-Filho & de-Olivera ",2009,13,14,0.454106566,"Perreira-da-Silva, Cabral-Filho & de-Olivera _2009",27
metabolism,"Galler, Tonkiss & Maldonado-Irizarry ",1994,17,16,-0.667584253,"Galler, Tonkiss & Maldonado-Irizarry _1994",33
metabolism,"Galler, Tonkiss & Maldonado-Irizarry ",1994,17,16,0.08134665,"Galler, Tonkiss & Maldonado-Irizarry _1994",33
metabolism,Reyes-Castro et al. ,2012,8,8,0,Reyes-Castro et al. _2012a,16
metabolism,Watkins et al. ,2008,46,62,-0.045617953,Watkins et al. _2008a,108
metabolism,Khan et al. ,2003,6,6,0.106549485,Khan et al. _2003,12
metabolism,Khan et al. ,2003,6,6,-0.505408584,Khan et al. _2003,12
metabolism,Khan et al. ,2003,6,6,-0.443272652,Khan et al. _2003,12
metabolism,Rudyk et al. ,2011,7,8,-1.635239245,Rudyk et al. _2011,15
metabolism,Rudyk et al. ,2011,7,8,0,Rudyk et al. _2011,15
metabolism,Watkins et al. ,2008,54,57,-0.493313151,Watkins et al. _2008b,111
metabolism,Reyes-Castro et al. ,2012,8,8,-0.458531901,Reyes-Castro et al. _2012a,16
metabolism,Watkins et al. ,2008,46,55,-0.12825741,Watkins et al. _2008a,101
metabolism,Jaiswal et al. ,1996,8,15,-0.600140353,Jaiswal et al. _1996,23
metabolism,"Trzcinska, Tonkiss & Galler ",1999,13,13,0.099377202,"Trzcinska, Tonkiss & Galler _1999",26
metabolism,Watkins et al. ,2008,60,52,-0.23844531,Watkins et al. _2008b,112
metabolism,Reyes-Castro et al. ,2012,8,8,0.963746463,Reyes-Castro et al. _2012b,16
metabolism,Smart ,1974,15,15,-2.552858837,Smart _1974,30
metabolism,Nolan et al. ,2001,7,7,-0.558116577,Nolan et al. _2001,14
metabolism,"Almeida, Garcia & De Oliveira ",1993,10,10,0.550392483,"Almeida, Garcia & De Oliveira _1993",20
metabolism,Watkins et al. ,2008,50,52,0.151695406,Watkins et al. _2008a,102
metabolism,Watkins et al. ,2008,50,50,0.548019628,Watkins et al. _2008a,100
metabolism,Francolin-Silva et al. ,2006,32,36,-0.095667654,Francolin-Silva et al. _2006,68
metabolism,"Perreira-da-Silva, Cabral-Filho & de-Olivera ",2009,13,14,3.739870717,"Perreira-da-Silva, Cabral-Filho & de-Olivera _2009",27
metabolism,Nolan et al. ,2001,7,7,0.528047038,Nolan et al. _2001,14
metabolism,Reyes-Castro et al. ,2012,8,8,2.394890046,Reyes-Castro et al. _2012b,16
metabolism,Samuelsson et al. ,2013,6,8,-1.02317431,Samuelsson et al. _2013,14
metabolism,Francolin-Silva et al. ,2006,32,38,-0.231496487,Francolin-Silva et al. _2006,70
metabolism,"Perreira-da-Silva, Cabral-Filho & de-Olivera ",2009,13,14,0.762365586,"Perreira-da-Silva, Cabral-Filho & de-Olivera _2009",27
metabolism,Reyes-Castro et al. ,2012,8,8,-0.841346459,Reyes-Castro et al. _2012a,16
metabolism,Rudyk et al. ,2011,7,8,0.085680142,Rudyk et al. _2011,15
metabolism,Shimizu et al. ,2013,5,5,-1.51940952,Shimizu et al. _2013,10
metabolism,Reyes-Castro et al. ,2012,8,8,1.761485899,Reyes-Castro et al. _2012b,16
metabolism,"Fernandez, Gonzalez & Patterson ",1997,15,14,-0.826390959,"Fernandez, Gonzalez & Patterson _1997",29
metabolism,Rodriguez et al. ,2012,6,6,0.834992379,Rodriguez et al. _2012,12
metabolism,Francolin-Silva et al. ,2006,32,38,0.231477243,Francolin-Silva et al. _2006,70
metabolism,Jaiswal et al. ,1996,12,7,0.194644435,Jaiswal et al. _1996,19
metabolism,Rodriguez et al. ,2012,6,6,0.389527933,Rodriguez et al. _2012,12
metabolism,Jaiswal et al. ,1996,12,7,1.017611034,Jaiswal et al. _1996,19
metabolism,"Trzcinska, Tonkiss & Galler ",1999,5,5,-1.055072263,"Trzcinska, Tonkiss & Galler _1999",10
metabolism,"Galler, Tonkiss & Maldonado-Irizarry ",1994,17,16,0.210769027,"Galler, Tonkiss & Maldonado-Irizarry _1994",33
metabolism,Reyes-Castro et al. ,2012,8,8,1.176000288,Reyes-Castro et al. _2012b,16
metabolism,Francolin-Silva et al. ,2006,32,38,-0.042265232,Francolin-Silva et al. _2006,70
metabolism,Galler et al. ,1994,17,15,0.12709955,Galler et al. _1994,32
metabolism,"Perreira-da-Silva, Cabral-Filho & de-Olivera ",2009,13,14,0.872240672,"Perreira-da-Silva, Cabral-Filho & de-Olivera _2009",27
metabolism,Francolin-Silva et al. ,2006,32,36,0.181026366,Francolin-Silva et al. _2006,68
metabolism,Reyes-Castro et al. ,2012,8,8,0.802626823,Reyes-Castro et al. _2012b,16
metabolism,Reyes-Castro et al. ,2012,8,8,-0.588561957,Reyes-Castro et al. _2012a,16
metabolism,Reyes-Castro et al. ,2012,8,8,-0.296368078,Reyes-Castro et al. _2012a,16
metabolism,"Massaro, Levitsky & Barnes ",1977,56,48,-0.102882377,"Massaro, Levitsky & Barnes _1977a",104
metabolism,Kumon et al. ,2010,17,17,-0.690191119,Kumon et al. _2010,34
metabolism,Samuelsson et al. ,2008,6,6,-1.183020257,Samuelsson et al. _2008,12
metabolism,Rodriguez et al. ,2012,6,6,0.735957159,Rodriguez et al. _2012,12
metabolism,Jaiswal et al. ,1996,12,7,0.791636023,Jaiswal et al. _1996,19
metabolism,Rodriguez et al. ,2012,6,6,-0.253286386,Rodriguez et al. _2012,12
metabolism,Rodriguez et al. ,2012,6,6,1.130127951,Rodriguez et al. _2012,12
metabolism,Francolin-Silva et al. ,2006,32,38,0.048230096,Francolin-Silva et al. _2006,70
metabolism,Samuelsson et al. ,2013,6,8,2.440485951,Samuelsson et al. _2013,14
metabolism,Levay et al. ,2010,12,12,-0.887803131,Levay et al. _2010,24
metabolism,Rodriguez et al. ,2012,6,6,0.020253189,Rodriguez et al. _2012,12
metabolism,Reyes-Castro et al. ,2012,8,8,0.570126662,Reyes-Castro et al. _2012a,16
metabolism,Jaiswal et al. ,1996,8,15,1.078608689,Jaiswal et al. _1996,23
metabolism,"Almeida, Garcia & De Oliveira ",1993,10,10,1.279646815,"Almeida, Garcia & De Oliveira _1993",20
metabolism,"Fernandez, Gonzalez & Patterson ",1997,15,14,-0.46389522,"Fernandez, Gonzalez & Patterson _1997",29
metabolism,Levay et al. ,2010,12,12,-1.322945236,Levay et al. _2010,24
metabolism,Francolin-Silva et al. ,2006,32,33,0.10819466,Francolin-Silva et al. _2006,65
metabolism,"Massaro, Levitsky & Barnes ",1977,16,16,0.230508605,"Massaro, Levitsky & Barnes _1977a",32
metabolism,Nolan et al. ,2001,7,7,1.80702429,Nolan et al. _2001,14
metabolism,Reyes-Castro et al. ,2012,8,8,-1.491194733,Reyes-Castro et al. _2012a,16
metabolism,Hernandes et al. ,2005,10,10,0.219997902,Hernandes et al. _2005,20
metabolism,Watkins et al. ,2008,50,52,0.262566135,Watkins et al. _2008a,102
metabolism,"Massaro, Levitsky & Barnes ",1977,16,16,-0.986322549,"Massaro, Levitsky & Barnes _1977a",32
metabolism,Rodriguez et al. ,2012,6,6,0.49723093,Rodriguez et al. _2012,12
metabolism,Hernandes et al. ,2005,10,10,-0.541503142,Hernandes et al. _2005,20
metabolism,Francolin-Silva et al. ,2006,32,36,0.244468859,Francolin-Silva et al. _2006,68
metabolism,Shimizu et al. ,2013,5,5,-0.456114826,Shimizu et al. _2013,10
metabolism,Francolin-Silva et al. ,2006,32,33,0.030193083,Francolin-Silva et al. _2006,65
metabolism,Francolin-Silva et al. ,2006,32,36,-0.133524518,Francolin-Silva et al. _2006,68
metabolism,Reyes-Castro et al. ,2012,8,8,0.503925536,Reyes-Castro et al. _2012a,16
metabolism,Watkins et al. ,2008,54,57,-0.641453676,Watkins et al. _2008b,111
metabolism,Rodriguez et al. ,2012,6,6,0.581446034,Rodriguez et al. _2012,12
metabolism,Reyes-Castro et al. ,2012,8,8,1.205934117,Reyes-Castro et al. _2012b,16
metabolism,Levay et al. ,2010,12,12,-0.808284049,Levay et al. _2010,24
metabolism,Kumon et al. ,2010,16,16,-1.096598675,Kumon et al. _2010,32
metabolism,Francolin-Silva et al. ,2006,32,33,0.335400321,Francolin-Silva et al. _2006,65
metabolism,Watkins et al. ,2008,46,55,0,Watkins et al. _2008a,101
metabolism,Levay et al. ,2010,12,12,-0.476858415,Levay et al. _2010,24
metabolism,Watkins et al. ,2008,60,52,-0.22696409,Watkins et al. _2008b,112
metabolism,"Almeida, Garcia & De Oliveira ",1993,10,10,0.181721065,"Almeida, Garcia & De Oliveira _1993",20
metabolism,Cipolla et al. 1987),1987,4,2,-1.279461712,Cipolla et al. 1987)_,6
metabolism,Shimizu et al. ,2013,14,14,-1.60924558,Shimizu et al. _2013,28
metabolism,Kumon et al. ,2010,17,17,-1.623347252,Kumon et al. _2010,34
metabolism,Reyes-Castro et al. ,2012,8,8,-1.378455461,Reyes-Castro et al. _2012a,16
metabolism,Rodriguez et al. ,2012,6,6,0.141540084,Rodriguez et al. _2012,12
metabolism,Watkins et al. ,2008,54,57,0.559846455,Watkins et al. _2008b,111
metabolism,Reyes-Castro et al. ,2012,8,8,0.034585138,Reyes-Castro et al. _2012b,16
metabolism,Rodriguez et al. ,2012,6,6,1.973400899,Rodriguez et al. _2012,12
metabolism,Cipolla et al. 1987),1987,4,4,-0.140028242,Cipolla et al. 1987)_,8
metabolism,Cipolla et al. 1987),1987,4,4,-0.420084726,Cipolla et al. 1987)_,8
metabolism,Rodriguez et al. ,2012,6,6,-0.92045476,Rodriguez et al. _2012,12
metabolism,"Almeida, Tonkiss & Galler ",1996,8,8,-0.450720717,"Almeida, Tonkiss & Galler _1996",16
metabolism,Levay et al. ,2010,12,12,-0.264193232,Levay et al. _2010,24
metabolism,Reyes-Castro et al. ,2012,8,8,-1.108855773,Reyes-Castro et al. _2012b,16
metabolism,Reyes-Castro et al. ,2012,8,8,0.655351377,Reyes-Castro et al. _2012b,16
metabolism,Reyes-Castro et al. ,2012,8,8,0.78596915,Reyes-Castro et al. _2012b,16
metabolism,Watkins et al. ,2008,46,55,0.143768929,Watkins et al. _2008a,101
metabolism,Francolin-Silva et al. ,2006,32,38,0.430565119,Francolin-Silva et al. _2006,70
metabolism,Levay et al. ,2010,12,12,-0.769061652,Levay et al. _2010,24
metabolism,Samuelsson et al. ,2008,6,6,0,Samuelsson et al. _2008,12
metabolism,Cipolla et al. 1987),1987,4,3,0.368548073,Cipolla et al. 1987)_,7
metabolism,Watkins et al. ,2008,50,50,0.627008987,Watkins et al. _2008a,100
metabolism,Hernandes et al. ,2005,10,10,0.413653774,Hernandes et al. _2005,20
metabolism,Francolin-Silva et al. ,2006,32,33,0.233016394,Francolin-Silva et al. _2006,65
metabolism,Velasquez et al. ,2010,13,10,-0.204622093,Velasquez et al. _2010,23
metabolism,Velasquez et al. ,2010,10,10,-0.38719748,Velasquez et al. _2010,20
metabolism,Watkins et al. ,2008,46,62,0.162258931,Watkins et al. _2008a,108
metabolism,"Massaro, Levitsky & Barnes ",1977,16,16,-1.330407205,"Massaro, Levitsky & Barnes _1977a",32
metabolism,"Massaro, Levitsky & Barnes ",1977,16,16,-1.426380663,"Massaro, Levitsky & Barnes _1977a",32
metabolism,"Massaro, Levitsky & Barnes ",1977,56,48,-0.284224106,"Massaro, Levitsky & Barnes _1977a",104
metabolism,Rodriguez et al. ,2012,6,6,0.724558235,Rodriguez et al. _2012,12
metabolism,Reyes-Castro et al. ,2012,8,8,-0.65449396,Reyes-Castro et al. _2012b,16
metabolism,Reyes-Castro et al. ,2012,8,8,-0.097477824,Reyes-Castro et al. _2012b,16
metabolism,Rodriguez et al. ,2012,6,6,0.712577643,Rodriguez et al. _2012,12
metabolism,Francolin-Silva et al. ,2006,32,33,1.006841969,Francolin-Silva et al. _2006,65
metabolism,Levay et al. ,2010,12,12,0.140375588,Levay et al. _2010,24
metabolism,Rodriguez et al. ,2012,6,6,2.26648343,Rodriguez et al. _2012,12
metabolism,Fernandes et al. ,2012,8,9,1.283533464,Fernandes et al. _2012,17
metabolism,Fernandes et al. ,2012,8,9,0.225480749,Fernandes et al. _2012,17
metabolism,Watkins et al. ,2008,46,62,-0.390303921,Watkins et al. _2008a,108
metabolism,Reyes-Castro et al. ,2012,8,8,-0.853928089,Reyes-Castro et al. _2012a,16
metabolism,Rodriguez et al. ,2012,6,6,1.584828008,Rodriguez et al. _2012,12
metabolism,Rodriguez et al. ,2012,6,6,1.490530475,Rodriguez et al. _2012,12
metabolism,"Raygada, Cho & Hilakivi-Clarke",1998,8,8,-0.762586048,"Raygada, Cho & Hilakivi-Clarke_1998",16
metabolism,Kumon et al. ,2010,16,16,-0.397421598,Kumon et al. _2010,32
metabolism,"Massaro, Levitsky & Barnes ",1977,16,16,0.326447712,"Massaro, Levitsky & Barnes _1977a",32
metabolism,Smart ,1974,15,14,0,Smart _1974,29
metabolism,Jaiswal et al. ,1996,12,7,-1.016968439,Jaiswal et al. _1996,19
metabolism,Velasquez et al. ,2010,10,10,-0.730975271,Velasquez et al. _2010,20
metabolism,Velasquez et al. ,2010,10,9,-0.549723047,Velasquez et al. _2010,19
metabolism,Rodriguez et al. ,2012,6,6,-0.26233022,Rodriguez et al. _2012,12
metabolism,Watkins et al. ,2008,50,52,-0.41725971,Watkins et al. _2008a,102
metabolism,Watkins et al. ,2008,50,50,-0.491807507,Watkins et al. _2008a,100
metabolism,"Almeida, Tonkiss & Galler ",1996,8,8,0,"Almeida, Tonkiss & Galler _1996",16
metabolism,Smart ,1974,15,14,0.575698402,Smart _1974,29
metabolism,Samuelsson et al. ,2008,6,6,0,Samuelsson et al. _2008,12
metabolism,Kumon et al. ,2010,16,16,0.056495508,Kumon et al. _2010,32
metabolism,Fernandes et al. ,2012,8,9,0.986726734,Fernandes et al. _2012,17
metabolism,Reyes-Castro et al. ,2012,8,8,-1.043616739,Reyes-Castro et al. _2012b,16
metabolism,Cipolla et al. 1987),1987,4,4,0.482570382,Cipolla et al. 1987)_,8
metabolism,Shimizu et al. ,2013,14,14,1.577298244,Shimizu et al. _2013,28
metabolism,Hernandes et al. ,2005,10,10,-0.237562841,Hernandes et al. _2005,20
metabolism,Samuelsson et al. ,2013,6,8,0.768930765,Samuelsson et al. _2013,14
metabolism,Cipolla et al. 1987),1987,4,4,-0.499710937,Cipolla et al. 1987)_,8
metabolism,Cipolla et al. 1987),1987,4,4,0.606791852,Cipolla et al. 1987)_,8
metabolism,Cipolla et al. 1987),1987,4,4,-0.618689731,Cipolla et al. 1987)_,8
metabolism,Watkins et al. ,2008,60,52,0.006653704,Watkins et al. _2008b,112
metabolism,Francolin-Silva et al. ,2006,32,38,0.357375695,Francolin-Silva et al. _2006,70
metabolism,Rodriguez et al. ,2012,6,6,0.256274064,Rodriguez et al. _2012,12
metabolism,Levay et al. ,2010,12,12,0.426372692,Levay et al. _2010,24
metabolism,Levay et al. ,2010,12,12,-0.32619444,Levay et al. _2010,24
metabolism,Levay et al. ,2010,12,12,-0.505356168,Levay et al. _2010,24
metabolism,Reyes-Castro et al. ,2012,8,8,-1.524616895,Reyes-Castro et al. _2012a,16
metabolism,"Borsonelo, Suchecki & Galduroz",2011,9,10,0.856415391,"Borsonelo, Suchecki & Galduroz_2011b",19
metabolism,Shimizu et al. ,2013,14,14,-0.027556484,Shimizu et al. _2013,28
metabolism,Rodriguez et al. ,2012,6,6,0.426603687,Rodriguez et al. _2012,12
metabolism,Cipolla et al. 1987),1987,4,3,0.410938821,Cipolla et al. 1987)_,7
metabolism,Cipolla et al. 1987),1987,4,3,-0.42267993,Cipolla et al. 1987)_,7
metabolism,Reyes-Castro et al. ,2012,8,8,-1.099587266,Reyes-Castro et al. _2012b,16
metabolism,Levay et al. ,2010,12,12,-0.12371405,Levay et al. _2010,24
metabolism,Francolin-Silva et al. ,2006,32,36,0.603658865,Francolin-Silva et al. _2006,68
metabolism,Shimizu et al. ,2013,14,14,-0.24793506,Shimizu et al. _2013,28
metabolism,Reyes-Castro et al. ,2012,8,8,-1.543087295,Reyes-Castro et al. _2012a,16
metabolism,Reyes-Castro et al. ,2012,8,8,-0.907937907,Reyes-Castro et al. _2012a,16
metabolism,Reyes-Castro et al. ,2012,8,8,-0.893441115,Reyes-Castro et al. _2012a,16
metabolism,Rodriguez et al. ,2012,6,6,0.340076684,Rodriguez et al. _2012,12
metabolism,Bilbo & Tsang ,2010,8,8,-0.744720296,Bilbo & Tsang _2010,16
metabolism,Levay et al. ,2010,12,12,0.278701599,Levay et al. _2010,24
metabolism,Jaiswal et al. ,1996,12,7,-1.664193922,Jaiswal et al. _1996,19
metabolism,Jaiswal et al. ,1996,12,10,2.943817641,Jaiswal et al. _1996,22
metabolism,Rodriguez et al. ,2012,6,6,0.476553375,Rodriguez et al. _2012,12
metabolism,Jaiswal et al. ,1996,8,15,-0.422856678,Jaiswal et al. _1996,23
metabolism,Francolin-Silva et al. ,2006,32,33,0.630908579,Francolin-Silva et al. _2006,65
metabolism,Reyes-Castro et al. ,2012,8,8,-0.079332485,Reyes-Castro et al. _2012b,16
metabolism,Reyes-Castro et al. ,2012,8,8,-1.56662759,Reyes-Castro et al. _2012a,16
metabolism,Reyes-Castro et al. ,2012,8,8,-1.546332791,Reyes-Castro et al. _2012a,16
metabolism,Samuelsson et al. ,2008,6,6,0.126347217,Samuelsson et al. _2008,12
metabolism,Cipolla et al. 1987),1987,4,2,0.496006002,Cipolla et al. 1987)_,6
metabolism,Cipolla et al. 1987),1987,4,2,-0.507028358,Cipolla et al. 1987)_,6
metabolism,"Fernandez, Gonzalez & Patterson ",1997,15,14,0.206319812,"Fernandez, Gonzalez & Patterson _1997",29
metabolism,"Borsonelo, Suchecki & Galduroz",2011,9,10,-0.982963279,"Borsonelo, Suchecki & Galduroz_2011b",19
metabolism,Samuelsson et al. ,2013,6,8,-0.158870856,Samuelsson et al. _2013,14
metabolism,Nolan et al. ,2001,7,7,-0.177071922,Nolan et al. _2001,14
metabolism,"Raygada, Cho & Hilakivi-Clarke",1998,10,10,-1.329605046,"Raygada, Cho & Hilakivi-Clarke_1998",20
metabolism,Francolin-Silva et al. ,2006,32,36,-4.188274462,Francolin-Silva et al. _2006,68
metabolism,Francolin-Silva et al. ,2006,32,38,-2.105000409,Francolin-Silva et al. _2006,70
metabolism,"Almeida, Garcia & De Oliveira ",1993,10,10,0.007359371,"Almeida, Garcia & De Oliveira _1993",20
metabolism,Rodriguez et al. ,2012,6,6,-0.231230797,Rodriguez et al. _2012,12
metabolism,"Raygada, Cho & Hilakivi-Clarke",1998,8,8,2.1981212,"Raygada, Cho & Hilakivi-Clarke_1998",16
metabolism,Rodriguez et al. ,2012,6,6,0.231166027,Rodriguez et al. _2012,12
metabolism,"Borsonelo, Suchecki & Galduroz",2011,9,10,0.931795333,"Borsonelo, Suchecki & Galduroz_2011b",19
metabolism,Frankova & Barnes ,1968,10,8,-0.120251932,Frankova & Barnes _1968,18
metabolism,Bilbo & Tsang ,2010,8,8,-1.175113357,Bilbo & Tsang _2010,16
metabolism,Rodriguez et al. ,2012,6,6,1.052427961,Rodriguez et al. _2012,12
metabolism,Reyes-Castro et al. ,2012,8,8,-0.897618482,Reyes-Castro et al. _2012a,16
metabolism,Reyes-Castro et al. ,2012,8,8,-0.890795002,Reyes-Castro et al. _2012a,16
metabolism,Ohishi et al. ,2012,16,16,1.738928893,Ohishi et al. _2012,32
metabolism,"Almeida, Garcia & De Oliveira ",1993,10,10,0.009662505,"Almeida, Garcia & De Oliveira _1993",20
metabolism,Ohishi et al. ,2012,16,16,-0.233196014,Ohishi et al. _2012,32
metabolism,Jaiswal et al. ,1996,8,15,0.043904075,Jaiswal et al. _1996,23
metabolism,"Trzcinska, Tonkiss & Galler ",1999,14,14,0.481047406,"Trzcinska, Tonkiss & Galler _1999",28
metabolism,"Bellinger, Sculley & Langley-Evans ",2006,5,5,-0.888155146,"Bellinger, Sculley & Langley-Evans _2006",10
metabolism,"Bellinger, Sculley & Langley-Evans ",2006,5,5,-0.361133097,"Bellinger, Sculley & Langley-Evans _2006",10
metabolism,Francolin-Silva et al. ,2006,32,33,-2.7901427,Francolin-Silva et al. _2006,65
metabolism,Garg et al. ,2012,6,6,-0.160029122,Garg et al. _2012,12
metabolism,"Raygada, Cho & Hilakivi-Clarke",1998,8,8,1.471208263,"Raygada, Cho & Hilakivi-Clarke_1998",16
metabolism,Bilbo & Tsang ,2010,8,8,0.872128146,Bilbo & Tsang _2010,16
metabolism,Frankova & Barnes ,1968,10,8,0.159499299,Frankova & Barnes _1968,18
metabolism,"Raygada, Cho & Hilakivi-Clarke",1998,10,10,-2.543743003,"Raygada, Cho & Hilakivi-Clarke_1998",20
metabolism,Reyes-Castro et al. ,2012,8,8,-1.2835057,Reyes-Castro et al. _2012a,16
metabolism,"Bellinger, Sculley & Langley-Evans ",2006,5,4,0.298448553,"Bellinger, Sculley & Langley-Evans _2006",9
metabolism,"Bellinger, Sculley & Langley-Evans ",2006,5,7,-0.792769231,"Bellinger, Sculley & Langley-Evans _2006",12
metabolism,"Bellinger, Sculley & Langley-Evans ",2006,5,4,0.515788308,"Bellinger, Sculley & Langley-Evans _2006",9
metabolism,Francolin-Silva et al. ,2006,32,36,0.349504006,Francolin-Silva et al. _2006,68
metabolism,"Raygada, Cho & Hilakivi-Clarke",1998,8,8,0.301762214,"Raygada, Cho & Hilakivi-Clarke_1998",16
metabolism,Reyes-Castro et al. ,2012,8,8,-0.075051863,Reyes-Castro et al. _2012a,16
metabolism,Reyes-Castro et al. ,2012,8,8,-1.300028282,Reyes-Castro et al. _2012a,16
metabolism,Rodriguez et al. ,2012,6,6,0.319853978,Rodriguez et al. _2012,12
metabolism,Rodriguez et al. ,2012,6,6,-0.319853978,Rodriguez et al. _2012,12
metabolism,Reyes-Castro et al. ,2012,8,8,-0.477020192,Reyes-Castro et al. _2012a,16
metabolism,"Borsonelo, Suchecki & Galduroz",2011,9,10,-0.51053287,"Borsonelo, Suchecki & Galduroz_2011b",19
metabolism,"Almeida, Tonkiss & Galler ",1996,8,8,-0.019166128,"Almeida, Tonkiss & Galler _1996",16
metabolism,Nolan et al. ,2001,7,7,0.572487616,Nolan et al. _2001,14
metabolism,Frankova & Barnes ,1968,10,8,1.766550852,Frankova & Barnes _1968,18
metabolism,Garg et al. ,2012,6,6,-0.102009427,Garg et al. _2012,12
metabolism,Rodriguez et al. ,2012,6,6,0.463642236,Rodriguez et al. _2012,12
metabolism,"Raygada, Cho & Hilakivi-Clarke",1998,8,8,0.454003071,"Raygada, Cho & Hilakivi-Clarke_1998",16
metabolism,Rodriguez et al. ,2012,6,6,0.554446132,Rodriguez et al. _2012,12
metabolism,Reyes-Castro et al. ,2012,8,8,-1.263623116,Reyes-Castro et al. _2012b,16
metabolism,Bilbo & Tsang ,2010,8,8,-1.028514337,Bilbo & Tsang _2010,16
metabolism,Bilbo & Tsang ,2010,8,8,1.285454297,Bilbo & Tsang _2010,16
metabolism,Bilbo & Tsang ,2010,8,8,1.259768486,Bilbo & Tsang _2010,16
metabolism,Frankova & Barnes ,1968,10,8,-1.227995906,Frankova & Barnes _1968,18
metabolism,Nolan et al. ,2001,7,7,0.856343487,Nolan et al. _2001,14
metabolism,Reyes-Castro et al. ,2012,8,8,-1.553013463,Reyes-Castro et al. _2012b,16
metabolism,Reyes-Castro et al. ,2012,8,8,-1.335559169,Reyes-Castro et al. _2012b,16
metabolism,"Raygada, Cho & Hilakivi-Clarke",1998,10,10,-1.806216097,"Raygada, Cho & Hilakivi-Clarke_1998",20
metabolism,Reyes-Castro et al. ,2012,8,8,3.026429308,Reyes-Castro et al. _2012b,16
metabolism,Reyes-Castro et al. ,2012,8,8,-0.574914219,Reyes-Castro et al. _2012a,16
metabolism,"Borsonelo, Suchecki & Galduroz",2011,9,10,0.55369293,"Borsonelo, Suchecki & Galduroz_2011b",19
metabolism,"Borsonelo, Suchecki & Galduroz",2011,9,10,0.209422097,"Borsonelo, Suchecki & Galduroz_2011b",19
metabolism,Rodriguez et al. ,2012,6,6,0.093892327,Rodriguez et al. _2012,12
metabolism,Reyes-Castro et al. ,2012,8,8,-1.237359556,Reyes-Castro et al. _2012b,16
metabolism,Bilbo & Tsang ,2010,8,8,0.266887548,Bilbo & Tsang _2010,16
metabolism,Watkins et al. ,2008,46,62,-0.078219,Watkins et al. _2008a,108
metabolism,"Trzcinska, Tonkiss & Galler ",1999,14,14,0.014367145,"Trzcinska, Tonkiss & Galler _1999",28
metabolism,"Bellinger, Sculley & Langley-Evans ",2006,5,5,0.742214748,"Bellinger, Sculley & Langley-Evans _2006",10
metabolism,Garg et al. ,2012,6,6,0.036784747,Garg et al. _2012,12
metabolism,Duran et al. ,2005,10,10,-0.610602442,Duran et al. _2005,20
metabolism,"Raygada, Cho & Hilakivi-Clarke",1998,10,10,-1.011078353,"Raygada, Cho & Hilakivi-Clarke_1998",20
metabolism,Watkins et al. ,2008,60,52,-0.348895679,Watkins et al. _2008b,112
metabolism,Reyes-Castro et al. ,2012,8,8,-0.594350747,Reyes-Castro et al. _2012a,16
metabolism,Watkins et al. ,2008,54,57,-0.263911877,Watkins et al. _2008b,111
metabolism,Reyes-Castro et al. ,2012,8,8,-1.19770447,Reyes-Castro et al. _2012b,16
metabolism,Garg et al. ,2012,6,6,-0.19113254,Garg et al. _2012,12
metabolism,Gilbert et al. ,2010,16,16,-0.353706083,Gilbert et al. _2010,32
metabolism,"Borsonelo, Suchecki & Galduroz",2011,9,10,0.263339799,"Borsonelo, Suchecki & Galduroz_2011b",19
metabolism,Reyes-Castro et al. ,2012,8,8,-0.951315413,Reyes-Castro et al. _2012b,16
metabolism,Reyes-Castro et al. ,2012,8,8,-0.243849659,Reyes-Castro et al. _2012a,16
metabolism,"Bellinger, Sculley & Langley-Evans ",2006,5,7,-1.129009958,"Bellinger, Sculley & Langley-Evans _2006",12
metabolism,Watkins et al. ,2008,50,52,0.451820375,Watkins et al. _2008a,102
metabolism,Reyes-Castro et al. ,2012,8,8,0.048200366,Reyes-Castro et al. _2012b,16
metabolism,Reyes-Castro et al. ,2012,8,8,-0.048332093,Reyes-Castro et al. _2012b,16
metabolism,"Borsonelo, Suchecki & Galduroz",2011,9,10,0.174696765,"Borsonelo, Suchecki & Galduroz_2011b",19
metabolism,Watkins et al. ,2008,46,55,0.220209196,Watkins et al. _2008a,101
metabolism,Watkins et al. ,2008,46,55,0.060538147,Watkins et al. _2008a,101
metabolism,Duran et al. ,2005,10,10,0.393042807,Duran et al. _2005,20
metabolism,Rodriguez et al. ,2012,6,6,-0.631883277,Rodriguez et al. _2012,12
metabolism,Rodriguez et al. ,2012,6,6,0.631883277,Rodriguez et al. _2012,12
metabolism,Garg et al. ,2012,6,6,-0.662221335,Garg et al. _2012,12
metabolism,Watkins et al. ,2008,50,52,-0.381636462,Watkins et al. _2008a,102
metabolism,Watkins et al. ,2008,50,50,0.712238295,Watkins et al. _2008a,100
metabolism,Watkins et al. ,2008,46,62,0.242891528,Watkins et al. _2008a,108
metabolism,Reyes-Castro et al. ,2012,8,8,-0.382361598,Reyes-Castro et al. _2012a,16
metabolism,Gilbert et al. ,2010,16,16,-0.314649873,Gilbert et al. _2010,32
metabolism,Garg et al. ,2012,6,6,-0.012005622,Garg et al. _2012,12
metabolism,"Bellinger, Sculley & Langley-Evans ",2006,5,5,0.134509197,"Bellinger, Sculley & Langley-Evans _2006",10
metabolism,"Bellinger, Sculley & Langley-Evans ",2006,5,7,-1.583671663,"Bellinger, Sculley & Langley-Evans _2006",12
metabolism,"Bellinger, Sculley & Langley-Evans ",2006,5,7,0.316734333,"Bellinger, Sculley & Langley-Evans _2006",12
metabolism,"Bellinger, Sculley & Langley-Evans ",2006,5,7,-0.494130062,"Bellinger, Sculley & Langley-Evans _2006",12
metabolism,"Bellinger, Sculley & Langley-Evans ",2006,5,5,0.097857852,"Bellinger, Sculley & Langley-Evans _2006",10
metabolism,"Bellinger, Sculley & Langley-Evans ",2006,5,5,0.269166283,"Bellinger, Sculley & Langley-Evans _2006",10
metabolism,Bilbo & Tsang ,2010,8,8,-0.312355412,Bilbo & Tsang _2010,16
metabolism,Rodriguez et al. ,2012,6,6,0.50216637,Rodriguez et al. _2012,12
metabolism,Reyes-Castro et al. ,2012,8,8,1.002778982,Reyes-Castro et al. _2012a,16
metabolism,"Raygada, Cho & Hilakivi-Clarke",1998,10,10,-1.238345156,"Raygada, Cho & Hilakivi-Clarke_1998",20
metabolism,Reyes-Castro et al. ,2012,8,8,2.018716127,Reyes-Castro et al. _2012b,16
metabolism,Reyes-Castro et al. ,2012,8,8,1.623677423,Reyes-Castro et al. _2012b,16
metabolism,Watkins et al. ,2008,50,50,-0.234319332,Watkins et al. _2008a,100
metabolism,"Almeida, Tonkiss & Galler ",1996,8,8,0.366918098,"Almeida, Tonkiss & Galler _1996",16
metabolism,"Bellinger, Sculley & Langley-Evans ",2006,5,5,3.91E-05,"Bellinger, Sculley & Langley-Evans _2006",10
metabolism,"Bellinger, Sculley & Langley-Evans ",2006,5,7,-0.848635946,"Bellinger, Sculley & Langley-Evans _2006",12
metabolism,"Bellinger, Sculley & Langley-Evans ",2006,5,5,0.570868925,"Bellinger, Sculley & Langley-Evans _2006",10
metabolism,"Bellinger, Sculley & Langley-Evans ",2006,5,5,0.342476207,"Bellinger, Sculley & Langley-Evans _2006",10
metabolism,Vickers et al. ,2003,8,8,-1.003310406,Vickers et al. _2003,16
metabolism,Gilbert et al. ,2010,15,16,0.381683584,Gilbert et al. _2010,31
metabolism,Watkins et al. ,2008,54,57,0.505013394,Watkins et al. _2008b,111
metabolism,Garg et al. ,2012,6,6,-0.334626516,Garg et al. _2012,12
metabolism,Reyes-Castro et al. ,2012,8,8,-0.85944987,Reyes-Castro et al. _2012a,16
metabolism,"Bellinger, Sculley & Langley-Evans ",2006,5,5,0.191490007,"Bellinger, Sculley & Langley-Evans _2006",10
metabolism,"Bellinger, Sculley & Langley-Evans ",2006,5,5,5.11E-05,"Bellinger, Sculley & Langley-Evans _2006",10
metabolism,Garg et al. ,2012,6,6,-0.713657802,Garg et al. _2012,12
metabolism,Watkins et al. ,2008,60,52,0.406066237,Watkins et al. _2008b,112
metabolism,"Bellinger, Sculley & Langley-Evans ",2006,5,5,0.255323058,"Bellinger, Sculley & Langley-Evans _2006",10
metabolism,"Bellinger, Sculley & Langley-Evans ",2006,5,5,0.637324746,"Bellinger, Sculley & Langley-Evans _2006",10
metabolism,"Bellinger, Sculley & Langley-Evans ",2006,5,5,-0.521699295,"Bellinger, Sculley & Langley-Evans _2006",10
metabolism,Reyes-Castro et al. ,2012,8,8,-0.08992645,Reyes-Castro et al. _2012b,16
metabolism,Reyes-Castro et al. ,2012,8,8,0.09005792,Reyes-Castro et al. _2012b,16
metabolism,Kumon et al. ,2010,16,16,-1.560847448,Kumon et al. _2010,32
metabolism,"Bellinger, Sculley & Langley-Evans ",2006,5,5,0.66568755,"Bellinger, Sculley & Langley-Evans _2006",10
metabolism,"Bellinger, Sculley & Langley-Evans ",2006,5,5,0.060510742,"Bellinger, Sculley & Langley-Evans _2006",10
metabolism,"Bellinger, Sculley & Langley-Evans ",2006,5,5,0.663676577,"Bellinger, Sculley & Langley-Evans _2006",10
metabolism,"Bellinger, Sculley & Langley-Evans ",2006,5,5,0.066360999,"Bellinger, Sculley & Langley-Evans _2006",10
metabolism,"Bellinger, Sculley & Langley-Evans ",2006,5,4,-0.249270377,"Bellinger, Sculley & Langley-Evans _2006",9
metabolism,"Bellinger, Sculley & Langley-Evans ",2006,5,5,-0.268826698,"Bellinger, Sculley & Langley-Evans _2006",10
metabolism,Garg et al. ,2012,6,6,-0.046729267,Garg et al. _2012,12
metabolism,Rodriguez et al. ,2012,6,6,0.362103278,Rodriguez et al. _2012,12
metabolism,"Bellinger, Sculley & Langley-Evans ",2006,5,5,0.511698563,"Bellinger, Sculley & Langley-Evans _2006",10
metabolism,"Bellinger, Sculley & Langley-Evans ",2006,5,5,-0.554514872,"Bellinger, Sculley & Langley-Evans _2006",10
metabolism,"Bellinger, Sculley & Langley-Evans ",2006,5,5,0.212010316,"Bellinger, Sculley & Langley-Evans _2006",10
metabolism,"Bellinger, Sculley & Langley-Evans ",2006,5,5,-3.30E-05,"Bellinger, Sculley & Langley-Evans _2006",10
metabolism,"Bellinger, Sculley & Langley-Evans ",2006,5,5,-0.187409086,"Bellinger, Sculley & Langley-Evans _2006",10
metabolism,"Bellinger, Sculley & Langley-Evans ",2006,5,4,-0.498700797,"Bellinger, Sculley & Langley-Evans _2006",9
metabolism,"Bellinger, Sculley & Langley-Evans ",2006,5,5,-0.495398458,"Bellinger, Sculley & Langley-Evans _2006",10
metabolism,Reyes-Castro et al. ,2012,8,8,0.193097313,Reyes-Castro et al. _2012a,16
metabolism,Reyes-Castro et al. ,2012,8,8,-0.211372762,Reyes-Castro et al. _2012a,16
metabolism,"Bellinger, Sculley & Langley-Evans ",2006,5,5,0.336425291,"Bellinger, Sculley & Langley-Evans _2006",10
metabolism,"Bellinger, Sculley & Langley-Evans ",2006,5,5,-0.263903217,"Bellinger, Sculley & Langley-Evans _2006",10
metabolism,"Bellinger, Sculley & Langley-Evans ",2006,5,5,-0.590783088,"Bellinger, Sculley & Langley-Evans _2006",10
metabolism,"Bellinger, Sculley & Langley-Evans ",2006,5,5,-0.115344219,"Bellinger, Sculley & Langley-Evans _2006",10
metabolism,"Bellinger, Sculley & Langley-Evans ",2006,5,5,-0.115344219,"Bellinger, Sculley & Langley-Evans _2006",10
metabolism,"Bellinger, Sculley & Langley-Evans ",2006,5,5,0,"Bellinger, Sculley & Langley-Evans _2006",10
metabolism,"Bellinger, Sculley & Langley-Evans ",2006,5,5,-0.066372059,"Bellinger, Sculley & Langley-Evans _2006",10
metabolism,"Bellinger, Sculley & Langley-Evans ",2006,5,5,-0.066372059,"Bellinger, Sculley & Langley-Evans _2006",10
metabolism,shalev et al. ,2010,9,8,-0.610375918,shalev et al. _2010,17
metabolism,Reyes-Castro et al. ,2012,8,8,0.120474321,Reyes-Castro et al. _2012b,16
metabolism,Reyes-Castro et al. ,2012,8,8,-0.12054758,Reyes-Castro et al. _2012b,16
metabolism,Nolan et al. ,2001,7,7,-0.740039555,Nolan et al. _2001,14
metabolism,"Bellinger, Sculley & Langley-Evans ",2006,5,5,-0.431381618,"Bellinger, Sculley & Langley-Evans _2006",10
metabolism,"Bellinger, Sculley & Langley-Evans ",2006,5,4,-0.471885874,"Bellinger, Sculley & Langley-Evans _2006",9
metabolism,Lim et al. ,2011,7,7,-1.089051336,Lim et al. _2011,14
metabolism,Nolan et al. ,2001,7,7,0.450028702,Nolan et al. _2001,14
metabolism,Fernandes et al. ,2012,8,9,0.089037071,Fernandes et al. _2012,17
metabolism,Lim et al. ,2011,7,7,1.216677482,Lim et al. _2011,14
metabolism,Vickers et al. ,2003,6,6,-4.063332643,Vickers et al. _2003,12
metabolism,"Bellinger, Sculley & Langley-Evans ",2006,5,5,0.031055019,"Bellinger, Sculley & Langley-Evans _2006",10
metabolism,Vickers et al. ,2003,6,6,-2.828839764,Vickers et al. _2003,12
metabolism,Naef et al. ,2011,16,13,-0.18357336,Naef et al. _2011,29
metabolism,"Bellinger, Sculley & Langley-Evans ",2006,5,4,0.686913843,"Bellinger, Sculley & Langley-Evans _2006",9
metabolism,"Bellinger, Sculley & Langley-Evans ",2006,5,5,0.48142988,"Bellinger, Sculley & Langley-Evans _2006",10
metabolism,Kumon et al. ,2010,17,17,-0.945068159,Kumon et al. _2010,34
metabolism,Vickers et al. ,2003,8,8,-1.844731807,Vickers et al. _2003,16
metabolism,Fernandes et al. ,2012,8,9,1.174123948,Fernandes et al. _2012,17
metabolism,Gilbert et al. ,2010,16,16,-0.515172515,Gilbert et al. _2010,32
metabolism,Fernandes et al. ,2012,8,9,0.355308292,Fernandes et al. _2012,17
metabolism,Fernandes et al. ,2012,8,9,1.136808918,Fernandes et al. _2012,17
metabolism,Qasem et al. ,2012,9,9,0.610429543,Qasem et al. _2012,18
metabolism,Vickers et al. ,2003,8,8,-1.378359065,Vickers et al. _2003,16
metabolism,Gilbert et al. ,2010,16,16,-0.506764986,Gilbert et al. _2010,32
metabolism,Fernandes et al. ,2012,8,9,1.019550953,Fernandes et al. _2012,17
metabolism,Gilbert et al. ,2010,15,16,-0.11284641,Gilbert et al. _2010,31
metabolism,Shimizu et al. ,2013,14,14,-0.2839965,Shimizu et al. _2013,28
metabolism,"Whitaker, Totoki & Reyes ",2012,4,4,-0.285148996,"Whitaker, Totoki & Reyes _2012",8
metabolism,Couthino et al. ,2013,6,6,-2.061483826,Couthino et al. _2013,12
metabolism,Qasem et al. ,2012,9,9,0.276196681,Qasem et al. _2012,18
metabolism,Qasem et al. ,2012,9,9,-0.022446898,Qasem et al. _2012,18
metabolism,Qasem et al. ,2012,9,9,-0.065603109,Qasem et al. _2012,18
metabolism,Couthino et al. ,2013,6,6,-0.851474969,Couthino et al. _2013,12
metabolism,"Whitaker, Totoki & Reyes ",2012,4,4,0.357000317,"Whitaker, Totoki & Reyes _2012",8
metabolism,Desai,2014,16,16,-0.155720203,Desai_2014,32
metabolism,Desai,2014,16,16,1.53834305,Desai_2014,32
metabolism,Desai,2014,16,16,0.999123296,Desai_2014,32
metabolism,Desai,2014,16,16,-0.019674563,Desai_2014,32
metabolism,Magliano,2013,10,10,1.670942619,Magliano_2013,20
metabolism,Ornellas,2013,5,5,2.391116913,Ornellas_2013,10
metabolism,Ornellas,2013,5,5,4.158816201,Ornellas_2013,10
metabolism,Zhang,2011,10,9,0.074688759,Zhang_2011,19
metabolism,Chang,2008,6,6,1.401672229,Chang_2008,12
metabolism,Chang,2008,6,6,1.010135574,Chang_2008,12
metabolism,Chen,2009,12,12,0.174454232,Chen_2009,24
metabolism,Rajia,2010,10,10,5.878107359,Rajia_2010,20
metabolism,Chen,2009,12,12,0.385845066,Chen_2009,24
metabolism,Rajia,2012,14,10,1.388421396,Rajia_2012,24
metabolism,Zhang ZY,2013,7,4,-0.246322538,Zhang ZY_2013,11
metabolism,Zhang ZY,2011,9,10,-0.764379424,Zhang ZY_2011,19
metabolism,Zhang ZY,2011,9,9,-0.764119611,Zhang ZY_2011,18
metabolism,Zhang ZY,2011,9,9,-1.610618019,Zhang ZY_2011,18
metabolism,Zhang ZY,2011,9,10,-0.858394696,Zhang ZY_2011,19
metabolism,Zhang ZY,2013,8,4,-0.014121822,Zhang ZY_2013,12
metabolism,Ferezou-Viala,2007,9,9,-0.763600958,Ferezou-Viala_2007,18
metabolism,Kozak,2005,33,24,-2.827822376,Kozak_2005,57
metabolism,Kozak,2000,33,25,-0.178127866,Kozak_2000,58
metabolism,Kozak,2005,33,25,-0.136554184,Kozak_2005,58
metabolism,Kozak,2000,33,24,-0.808317466,Kozak_2000,57
metabolism,Ferezou-Viala,2007,9,9,-0.066508293,Ferezou-Viala_2007,18
metabolism,Couvreur,2011,18,24,-0.792798462,Couvreur_2011,42
metabolism,Couvreur,2011,21,21,-1.227566485,Couvreur_2011,42
metabolism,Couvreur,2011,20,20,-0.053887597,Couvreur_2011,40
metabolism,Gugusheff,2013,5,5,-1.580088779,Gugusheff_2013,10
metabolism,Gugusheff,2013,5,5,-2.457702367,Gugusheff_2013,10
metabolism,Jacobs,2014,10,10,-0.278775414,Jacobs_2014,20
metabolism,Jacobs,2014,10,10,0.648841728,Jacobs_2014,20
metabolism,Mucellini,2014,16,21,0.402263748,Mucellini_2014,37
metabolism,Jacobs,2014,10,10,-0.006223903,Jacobs_2014,20
metabolism,Oliveira,2011,10,10,0.539133757,Oliveira_2011,20
metabolism,White,2009,15,15,0.861693467,White_2009,30
metabolism,Page,2009,12,12,1.716901959,Page_2009,24
metabolism,Turdi,2013,14,14,0.57693356,Turdi_2013,28
metabolism,Platt,2014,16,11,0.136647244,Platt_2014,27
metabolism,Platt,2014,16,15,0.281389742,Platt_2014,31
metabolism,Turdi,2013,14,17,1.42600138,Turdi_2013,31
metabolism,Page,2009,12,12,2.621937863,Page_2009,24
metabolism,Beltrand,2012,8,8,0.320537467,Beltrand_2012,16
metabolism,White,2009,10,10,0.853215797,White_2009,20
metabolism,Dahlhoff,2014,8,10,0.641807951,Dahlhoff_2014,18
metabolism,Dahlhoff,2014,9,10,-1.154913639,Dahlhoff_2014,19
metabolism,Flynn,2013,8,6,0.602964747,Flynn_2013,14
metabolism,Gregorio,2013,5,5,2.905904849,Gregorio_2013,10
metabolism,Ferezou-Viala,2007,9,9,-0.820140468,Ferezou-Viala_2007,18
metabolism,Ferezou-Viala,2007,9,9,-1.25642534,Ferezou-Viala_2007,18
metabolism,Wu,1999,6,6,2.990130204,Wu_1999,12
metabolism,Wu,1999,6,6,3.085001193,Wu_1999,12
metabolism,Wu,1999,6,6,1.229940034,Wu_1999,12
metabolism,Jackson,2012,10,10,0.379335675,Jackson_2012,20
metabolism,Masuyama,2014,6,6,3.714562757,Masuyama_2014,12
metabolism,Tuohetimulati,2012,27,22,-0.741139662,Tuohetimulati_2012,49
metabolism,Masuyama,2014,6,6,2.927408355,Masuyama_2014,12
metabolism,Masuyama,2014,6,6,1.403443193,Masuyama_2014,12
metabolism,Tuohetimulati,2012,27,14,-0.999220259,Tuohetimulati_2012,41
metabolism,Masuyama,2014,6,6,1.505521579,Masuyama_2014,12
metabolism,Couvreur,2011,20,20,-0.160779371,Couvreur_2011,40
metabolism,Couvreur,2011,18,29,-1.520209425,Couvreur_2011,47
metabolism,Couvreur,2011,22,29,-1.45548929,Couvreur_2011,51
metabolism,Sun,2013,12,12,1.997171486,Sun_2013,24
metabolism,Dunn,2009,18,22,1.175046931,Dunn_2009,40
metabolism,Dunn,2009,18,26,1.156362303,Dunn_2009,44
metabolism,Mitra,2009,12,12,-0.222682578,Mitra_2009,24
metabolism,Mitra,2009,12,12,-0.180877338,Mitra_2009,24
metabolism,King,2013,31,39,-0.389798129,King_2013,70
metabolism,Samuelsson,2013,6,6,1.088759638,Samuelsson_2013,12
metabolism,King,2013,47,30,0.106651228,King_2013,77
metabolism,Oben,2010,4,4,0.420084726,Oben_2010,8
metabolism,Samuelsson,2013,6,6,0.056191151,Samuelsson_2013,12
metabolism,Samuelsson,2008,8,8,1.118542593,Samuelsson_2008,16
metabolism,Samuelsson,2008,8,8,1.070432598,Samuelsson_2008,16
metabolism,Khan,2003,12,14,0.574359215,Khan_2003,26
metabolism,Khan,2003,12,14,0.380726399,Khan_2003,26
metabolism,Kirk,2009,8,8,2.470133567,Kirk_2009,16
metabolism,Kirk,2009,8,8,0.952581869,Kirk_2009,16
metabolism,Bayol,2007,36,36,-0.035958104,Bayol_2007,72
metabolism,Bayol,2007,36,36,-0.043397583,Bayol_2007,72
metabolism,Nivoit,2009,15,10,0.933200401,Nivoit_2009,25
metabolism,Nivoit,2009,15,8,0.974031146,Nivoit_2009,23
metabolism,Khan,2005,6,6,-0.107573214,Khan_2005,12
metabolism,Khan,2005,6,6,0.51580447,Khan_2005,12
metabolism,Khan,2004,10,10,0.318641515,Khan_2004,20
metabolism,Khan,2005,6,6,0.113567499,Khan_2005,12
metabolism,Khan,2005,6,6,-0.234780649,Khan_2005,12
metabolism,Khan,2004,10,10,0.396406884,Khan_2004,20
metabolism,Gregorio,2013,5,5,1.362938933,Gregorio_2013,10
metabolism,Gregorio,2013,5,5,1.942484844,Gregorio_2013,10
metabolism,Walker,2008,16,16,0.804733746,Walker_2008,32
metabolism,Shalev,2010,6,11,-0.060882817,Shalev_2010,17
metabolism,Chen,2009,12,12,0.490542783,Chen_2009,24
metabolism,Rajia,2013,11,10,1.181347736,Rajia_2013,21
metabolism,Chen,2009,22,22,1.671267183,Chen_2009,44
metabolism,Chen,2009,12,12,0.666580823,Chen_2009,24
metabolism,Chen,2012,12,12,1.307196931,Chen_2012,24
metabolism,Chen,2014,31,31,0.21268623,Chen_2014,62
metabolism,Rajia,2012,13,9,1.55937118,Rajia_2012,22
metabolism,Caruso,2013,12,12,2.354910768,Caruso_2013,24
metabolism,Rajia,2010,10,10,4.063830183,Rajia_2010,20
metabolism,Bahari,2013,23,23,1.055585662,Bahari_2013,46
metabolism,Bouanane,2010,10,10,3.695193877,Bouanane_2010,20
metabolism,Akyol,2012,16,16,-0.071198137,Akyol_2012,32
metabolism,Beltrand,2012,8,8,0.121910577,Beltrand_2012,16
metabolism,Akyol,2012,16,16,-0.716739247,Akyol_2012,32
metabolism,Akyol,2012,16,16,-0.629637627,Akyol_2012,32
metabolism,Akyol,2012,16,16,-0.485123098,Akyol_2012,32
metabolism,Akyol,2012,16,16,-0.359874362,Akyol_2012,32
metabolism,Akyol,2012,16,16,-0.143373796,Akyol_2012,32
metabolism,Akyol,2012,16,16,-0.653899898,Akyol_2012,32
metabolism,Akyol,2012,16,16,-0.426928821,Akyol_2012,32
metabolism,Akyol,2012,16,16,-0.460888276,Akyol_2012,32
metabolism,Akyol,2012,16,16,-0.542013945,Akyol_2012,32