Project_ID,Project_Name,project_letter,Stage,Center,Group_ES,Value,Mean,SD,n,Subgroup,Treatment,planned_EU_total,planned_EU_per_group
"A","A","A","exploratory","Center_1","Ctrl",11.6011085640137,NA,NA,NA,NA,"DummyTreatment",NA,NA
"A","A","A","exploratory","Center_1","Ctrl",12.3804132539814,NA,NA,NA,NA,"DummyTreatment",NA,NA
"A","A","A","exploratory","Center_1","Ctrl",6.62088867194241,NA,NA,NA,NA,"DummyTreatment",NA,NA
"A","A","A","exploratory","Center_1","Ctrl",12.4789917719968,NA,NA,NA,NA,"DummyTreatment",NA,NA
"A","A","A","exploratory","Center_1","Ctrl",9.78206805536903,NA,NA,NA,NA,"DummyTreatment",NA,NA
"A","A","A","exploratory","Center_1","Ctrl",9.76551607642408,NA,NA,NA,NA,"DummyTreatment",NA,NA
"A","A","A","exploratory","Center_1","Ctrl",10.3661652276769,NA,NA,NA,NA,"DummyTreatment",NA,NA
"A","A","A","exploratory","Center_1","Ctrl",12.5611097564033,NA,NA,NA,NA,"DummyTreatment",NA,NA
"A","A","A","exploratory","Center_1","Ctrl",6.54545874226572,NA,NA,NA,NA,"DummyTreatment",NA,NA
"A","A","A","exploratory","Center_1","Ctrl",13.3803687072919,NA,NA,NA,NA,"DummyTreatment",NA,NA
"A","A","A","exploratory","Center_1","Ctrl",11.0076248943102,NA,NA,NA,NA,"DummyTreatment",NA,NA
"A","A","A","exploratory","Center_1","Ctrl",15.0566731014082,NA,NA,NA,NA,"DummyTreatment",NA,NA
"A","A","A","exploratory","Center_1","Ctrl",11.0981934712711,NA,NA,NA,NA,"DummyTreatment",NA,NA
"A","A","A","exploratory","Center_1","Ctrl",10.4764258415881,NA,NA,NA,NA,"DummyTreatment",NA,NA
"A","A","A","exploratory","Center_1","Ctrl",7.90221371282692,NA,NA,NA,NA,"DummyTreatment",NA,NA
"A","A","A","exploratory","Center_1","Ctrl",12.5895265091683,NA,NA,NA,NA,"DummyTreatment",NA,NA
"A","A","A","exploratory","Center_1","Ctrl",11.6510796877487,NA,NA,NA,NA,"DummyTreatment",NA,NA
"A","A","A","exploratory","Center_1","Ctrl",9.88862797655988,NA,NA,NA,NA,"DummyTreatment",NA,NA
"A","A","A","exploratory","Center_1","Ctrl",8.43123556482364,NA,NA,NA,NA,"DummyTreatment",NA,NA
"A","A","A","exploratory","Center_1","Ctrl",8.53299355481702,NA,NA,NA,NA,"DummyTreatment",NA,NA
"A","A","A","exploratory","Center_1","Treated",11.3301744845733,NA,NA,NA,NA,"DummyTreatment",NA,NA
"A","A","A","exploratory","Center_1","Treated",9.82860172939413,NA,NA,NA,NA,"DummyTreatment",NA,NA
"A","A","A","exploratory","Center_1","Treated",11.8291534711317,NA,NA,NA,NA,"DummyTreatment",NA,NA
"A","A","A","exploratory","Center_1","Treated",14.1412210765429,NA,NA,NA,NA,"DummyTreatment",NA,NA
"A","A","A","exploratory","Center_1","Treated",11.7092128980146,NA,NA,NA,NA,"DummyTreatment",NA,NA
"A","A","A","exploratory","Center_1","Treated",9.66891030422009,NA,NA,NA,NA,"DummyTreatment",NA,NA
"A","A","A","exploratory","Center_1","Treated",10.3629685549737,NA,NA,NA,NA,"DummyTreatment",NA,NA
"A","A","A","exploratory","Center_1","Treated",13.3698721558501,NA,NA,NA,NA,"DummyTreatment",NA,NA
"A","A","A","exploratory","Center_1","Treated",11.3598871614464,NA,NA,NA,NA,"DummyTreatment",NA,NA
"A","A","A","exploratory","Center_1","Treated",9.37695517720648,NA,NA,NA,NA,"DummyTreatment",NA,NA
"A","A","A","exploratory","Center_1","Treated",10.800783344112,NA,NA,NA,NA,"DummyTreatment",NA,NA
"A","A","A","exploratory","Center_1","Treated",11.7411786219857,NA,NA,NA,NA,"DummyTreatment",NA,NA
"A","A","A","exploratory","Center_1","Treated",13.7734722940076,NA,NA,NA,NA,"DummyTreatment",NA,NA
"A","A","A","exploratory","Center_1","Treated",11.6972080753284,NA,NA,NA,NA,"DummyTreatment",NA,NA
"A","A","A","exploratory","Center_1","Treated",12.6595824015155,NA,NA,NA,NA,"DummyTreatment",NA,NA
"A","A","A","confirmatory","Center_1","Ctrl",9.87617657884656,NA,NA,NA,NA,"DummyTreatment",NA,NA
"A","A","A","confirmatory","Center_1","Ctrl",9.38807467252017,NA,NA,NA,NA,"DummyTreatment",NA,NA
"A","A","A","confirmatory","Center_1","Ctrl",9.23905799797523,NA,NA,NA,NA,"DummyTreatment",NA,NA
"A","A","A","confirmatory","Center_1","Ctrl",8.61058604215898,NA,NA,NA,NA,"DummyTreatment",NA,NA
"A","A","A","confirmatory","Center_1","Ctrl",9.5841654439608,NA,NA,NA,NA,"DummyTreatment",NA,NA
"A","A","A","confirmatory","Center_1","Ctrl",7.46920729686347,NA,NA,NA,NA,"DummyTreatment",NA,NA
"A","A","A","confirmatory","Center_1","Ctrl",14.337911930677,NA,NA,NA,NA,"DummyTreatment",NA,NA
"A","A","A","confirmatory","Center_1","Ctrl",12.41592399661,NA,NA,NA,NA,"DummyTreatment",NA,NA
"A","A","A","confirmatory","Center_1","Ctrl",7.7537828335933,NA,NA,NA,NA,"DummyTreatment",NA,NA
"A","A","A","confirmatory","Center_1","Ctrl",9.19423032940185,NA,NA,NA,NA,"DummyTreatment",NA,NA
"A","A","A","confirmatory","Center_1","Ctrl",9.06668929275356,NA,NA,NA,NA,"DummyTreatment",NA,NA
"A","A","A","confirmatory","Center_1","Ctrl",11.5599302366726,NA,NA,NA,NA,"DummyTreatment",NA,NA
"A","A","A","confirmatory","Center_1","Ctrl",9.83326186705634,NA,NA,NA,NA,"DummyTreatment",NA,NA
"A","A","A","confirmatory","Center_1","Ctrl",10.5066370279895,NA,NA,NA,NA,"DummyTreatment",NA,NA
"A","A","A","confirmatory","Center_1","Treated",15.3797450372912,NA,NA,NA,NA,"DummyTreatment",NA,NA
"A","A","A","confirmatory","Center_1","Treated",14.4567855642728,NA,NA,NA,NA,"DummyTreatment",NA,NA
"A","A","A","confirmatory","Center_1","Treated",12.5520469565318,NA,NA,NA,NA,"DummyTreatment",NA,NA
"A","A","A","confirmatory","Center_1","Treated",9.90204899105382,NA,NA,NA,NA,"DummyTreatment",NA,NA
"A","A","A","confirmatory","Center_1","Treated",10.9582613123341,NA,NA,NA,NA,"DummyTreatment",NA,NA
"A","A","A","confirmatory","Center_1","Treated",15.2464050434613,NA,NA,NA,NA,"DummyTreatment",NA,NA
"A","A","A","confirmatory","Center_1","Treated",9.85986354131141,NA,NA,NA,NA,"DummyTreatment",NA,NA
"A","A","A","confirmatory","Center_1","Treated",15.3717744884103,NA,NA,NA,NA,"DummyTreatment",NA,NA
"A","A","A","confirmatory","Center_1","Treated",11.5166204645221,NA,NA,NA,NA,"DummyTreatment",NA,NA
"A","A","A","confirmatory","Center_1","Treated",11.063599042719,NA,NA,NA,NA,"DummyTreatment",NA,NA
"A","A","A","confirmatory","Center_1","Treated",10.4540435436382,NA,NA,NA,NA,"DummyTreatment",NA,NA
"A","A","A","confirmatory","Center_2","Ctrl",7.96284923378582,NA,NA,NA,NA,"DummyTreatment",NA,NA
"A","A","A","confirmatory","Center_2","Ctrl",7.85641754704884,NA,NA,NA,NA,"DummyTreatment",NA,NA
"A","A","A","confirmatory","Center_2","Ctrl",10.6070572828085,NA,NA,NA,NA,"DummyTreatment",NA,NA
"A","A","A","confirmatory","Center_2","Ctrl",10.8964195572589,NA,NA,NA,NA,"DummyTreatment",NA,NA
"A","A","A","confirmatory","Center_2","Ctrl",10.106008453461,NA,NA,NA,NA,"DummyTreatment",NA,NA
"A","A","A","confirmatory","Center_2","Ctrl",11.8445349357595,NA,NA,NA,NA,"DummyTreatment",NA,NA
"A","A","A","confirmatory","Center_2","Ctrl",14.1001693712543,NA,NA,NA,NA,"DummyTreatment",NA,NA
"A","A","A","confirmatory","Center_2","Ctrl",9.01793766788693,NA,NA,NA,NA,"DummyTreatment",NA,NA
"A","A","A","confirmatory","Center_2","Ctrl",5.38166224871838,NA,NA,NA,NA,"DummyTreatment",NA,NA
"A","A","A","confirmatory","Center_2","Ctrl",12.0114770489245,NA,NA,NA,NA,"DummyTreatment",NA,NA
"A","A","A","confirmatory","Center_2","Ctrl",8.58159847483521,NA,NA,NA,NA,"DummyTreatment",NA,NA
"A","A","A","confirmatory","Center_2","Treated",13.2385670696987,NA,NA,NA,NA,"DummyTreatment",NA,NA
"A","A","A","confirmatory","Center_2","Treated",11.9876034754608,NA,NA,NA,NA,"DummyTreatment",NA,NA
"A","A","A","confirmatory","Center_2","Treated",10.628586308614,NA,NA,NA,NA,"DummyTreatment",NA,NA
"A","A","A","confirmatory","Center_2","Treated",11.4413329447256,NA,NA,NA,NA,"DummyTreatment",NA,NA
"A","A","A","confirmatory","Center_2","Treated",10.4345394494335,NA,NA,NA,NA,"DummyTreatment",NA,NA
"A","A","A","confirmatory","Center_2","Treated",10.4420055205356,NA,NA,NA,NA,"DummyTreatment",NA,NA
"A","A","A","confirmatory","Center_2","Treated",11.2503998137432,NA,NA,NA,NA,"DummyTreatment",NA,NA
"A","A","A","confirmatory","Center_2","Treated",11.3612123823411,NA,NA,NA,NA,"DummyTreatment",NA,NA
"A","A","A","confirmatory","Center_2","Treated",12.1690875361016,NA,NA,NA,NA,"DummyTreatment",NA,NA
"A","A","A","confirmatory","Center_2","Treated",10.4630527941206,NA,NA,NA,NA,"DummyTreatment",NA,NA
"A","A","A","confirmatory","Center_2","Treated",10.7481781738567,NA,NA,NA,NA,"DummyTreatment",NA,NA
"A","A","A","confirmatory","Center_2","Treated",10.1982582895241,NA,NA,NA,NA,"DummyTreatment",NA,NA
"A","A","A","confirmatory","Center_2","Treated",13.3274573393505,NA,NA,NA,NA,"DummyTreatment",NA,NA
"A","A","A","exploratory","Center_1",NA,NA,NA,NA,NA,NA,"DummyTreatment",30,13
"B","B","B","exploratory","Center_1","Ctrl",10.4127453907015,NA,NA,NA,NA,"DummyTreatment",NA,NA
"B","B","B","exploratory","Center_1","Ctrl",9.02215432941143,NA,NA,NA,NA,"DummyTreatment",NA,NA
"B","B","B","exploratory","Center_1","Ctrl",8.74409668435331,NA,NA,NA,NA,"DummyTreatment",NA,NA
"B","B","B","exploratory","Center_1","Ctrl",9.9061665471434,NA,NA,NA,NA,"DummyTreatment",NA,NA
"B","B","B","exploratory","Center_1","Ctrl",10.3252362306438,NA,NA,NA,NA,"DummyTreatment",NA,NA
"B","B","B","exploratory","Center_1","Ctrl",12.5846118299464,NA,NA,NA,NA,"DummyTreatment",NA,NA
"B","B","B","exploratory","Center_1","Ctrl",9.07288699696005,NA,NA,NA,NA,"DummyTreatment",NA,NA
"B","B","B","exploratory","Center_1","Ctrl",10.6109264549634,NA,NA,NA,NA,"DummyTreatment",NA,NA
"B","B","B","exploratory","Center_1","Ctrl",9.83202257351934,NA,NA,NA,NA,"DummyTreatment",NA,NA
"B","B","B","exploratory","Center_1","Ctrl",10.820726898324,NA,NA,NA,NA,"DummyTreatment",NA,NA
"B","B","B","exploratory","Center_1","Ctrl",10.3673564810582,NA,NA,NA,NA,"DummyTreatment",NA,NA
"B","B","B","exploratory","Center_1","Ctrl",13.5574832366876,NA,NA,NA,NA,"DummyTreatment",NA,NA
"B","B","B","exploratory","Center_1","Ctrl",10.0753656947948,NA,NA,NA,NA,"DummyTreatment",NA,NA
"B","B","B","exploratory","Center_1","Ctrl",12.3524402488012,NA,NA,NA,NA,"DummyTreatment",NA,NA
"B","B","B","exploratory","Center_1","Ctrl",8.88292837934637,NA,NA,NA,NA,"DummyTreatment",NA,NA
"B","B","B","exploratory","Center_1","Ctrl",8.10876412014879,NA,NA,NA,NA,"DummyTreatment",NA,NA
"B","B","B","exploratory","Center_1","Ctrl",8.66962272104266,NA,NA,NA,NA,"DummyTreatment",NA,NA
"B","B","B","exploratory","Center_1","Treated",8.66411612682373,NA,NA,NA,NA,"DummyTreatment",NA,NA
"B","B","B","exploratory","Center_1","Treated",11.2395469594245,NA,NA,NA,NA,"DummyTreatment",NA,NA
"B","B","B","exploratory","Center_1","Treated",13.8379932181215,NA,NA,NA,NA,"DummyTreatment",NA,NA
"B","B","B","exploratory","Center_1","Treated",10.8493060747832,NA,NA,NA,NA,"DummyTreatment",NA,NA
"B","B","B","exploratory","Center_1","Treated",13.2159286444501,NA,NA,NA,NA,"DummyTreatment",NA,NA
"B","B","B","exploratory","Center_1","Treated",8.76423458342167,NA,NA,NA,NA,"DummyTreatment",NA,NA
"B","B","B","exploratory","Center_1","Treated",11.8888760689509,NA,NA,NA,NA,"DummyTreatment",NA,NA
"B","B","B","exploratory","Center_1","Treated",13.0388144078869,NA,NA,NA,NA,"DummyTreatment",NA,NA
"B","B","B","exploratory","Center_1","Treated",12.6023067243334,NA,NA,NA,NA,"DummyTreatment",NA,NA
"B","B","B","confirmatory","Center_1","Ctrl",6.86464973504493,NA,NA,NA,NA,"DummyTreatment",NA,NA
"B","B","B","confirmatory","Center_1","Ctrl",9.47854821458277,NA,NA,NA,NA,"DummyTreatment",NA,NA
"B","B","B","confirmatory","Center_1","Ctrl",11.9236207034471,NA,NA,NA,NA,"DummyTreatment",NA,NA
"B","B","B","confirmatory","Center_1","Ctrl",11.7077909286202,NA,NA,NA,NA,"DummyTreatment",NA,NA
"B","B","B","confirmatory","Center_1","Ctrl",10.8375934041444,NA,NA,NA,NA,"DummyTreatment",NA,NA
"B","B","B","confirmatory","Center_1","Ctrl",10.6799130260283,NA,NA,NA,NA,"DummyTreatment",NA,NA
"B","B","B","confirmatory","Center_1","Ctrl",11.1928501180306,NA,NA,NA,NA,"DummyTreatment",NA,NA
"B","B","B","confirmatory","Center_1","Ctrl",13.7428360104221,NA,NA,NA,NA,"DummyTreatment",NA,NA
"B","B","B","confirmatory","Center_1","Ctrl",11.2057407393876,NA,NA,NA,NA,"DummyTreatment",NA,NA
"B","B","B","confirmatory","Center_1","Ctrl",8.46766239223809,NA,NA,NA,NA,"DummyTreatment",NA,NA
"B","B","B","confirmatory","Center_1","Ctrl",8.75934702584507,NA,NA,NA,NA,"DummyTreatment",NA,NA
"B","B","B","confirmatory","Center_1","Treated",10.0762867317397,NA,NA,NA,NA,"DummyTreatment",NA,NA
"B","B","B","confirmatory","Center_1","Treated",11.8573838277528,NA,NA,NA,NA,"DummyTreatment",NA,NA
"B","B","B","confirmatory","Center_1","Treated",14.8891017168467,NA,NA,NA,NA,"DummyTreatment",NA,NA
"B","B","B","confirmatory","Center_1","Treated",12.9030081061584,NA,NA,NA,NA,"DummyTreatment",NA,NA
"B","B","B","confirmatory","Center_1","Treated",12.0824658439859,NA,NA,NA,NA,"DummyTreatment",NA,NA
"B","B","B","confirmatory","Center_1","Treated",11.1550063353208,NA,NA,NA,NA,"DummyTreatment",NA,NA
"B","B","B","confirmatory","Center_1","Treated",7.89350555691897,NA,NA,NA,NA,"DummyTreatment",NA,NA
"B","B","B","confirmatory","Center_1","Treated",14.2626744268284,NA,NA,NA,NA,"DummyTreatment",NA,NA
"B","B","B","confirmatory","Center_1","Treated",9.07871985815036,NA,NA,NA,NA,"DummyTreatment",NA,NA
"B","B","B","confirmatory","Center_1","Treated",13.4798950217547,NA,NA,NA,NA,"DummyTreatment",NA,NA
"B","B","B","confirmatory","Center_1","Treated",15.818207138435,NA,NA,NA,NA,"DummyTreatment",NA,NA
"B","B","B","confirmatory","Center_1","Treated",9.1122136780564,NA,NA,NA,NA,"DummyTreatment",NA,NA
"B","B","B","confirmatory","Center_1","Treated",13.4035686707494,NA,NA,NA,NA,"DummyTreatment",NA,NA
"B","B","B","confirmatory","Center_1","Treated",11.4756050211951,NA,NA,NA,NA,"DummyTreatment",NA,NA
"B","B","B","confirmatory","Center_2","Ctrl",9.47201416243702,NA,NA,NA,NA,"DummyTreatment",NA,NA
"B","B","B","confirmatory","Center_2","Ctrl",8.4950746055631,NA,NA,NA,NA,"DummyTreatment",NA,NA
"B","B","B","confirmatory","Center_2","Ctrl",10.8813841810564,NA,NA,NA,NA,"DummyTreatment",NA,NA
"B","B","B","confirmatory","Center_2","Ctrl",7.4450984677328,NA,NA,NA,NA,"DummyTreatment",NA,NA
"B","B","B","confirmatory","Center_2","Ctrl",12.3543840911135,NA,NA,NA,NA,"DummyTreatment",NA,NA
"B","B","B","confirmatory","Center_2","Ctrl",11.8050116683618,NA,NA,NA,NA,"DummyTreatment",NA,NA
"B","B","B","confirmatory","Center_2","Ctrl",7.47739164653256,NA,NA,NA,NA,"DummyTreatment",NA,NA
"B","B","B","confirmatory","Center_2","Ctrl",11.6749102913863,NA,NA,NA,NA,"DummyTreatment",NA,NA
"B","B","B","confirmatory","Center_2","Ctrl",5.30341938479585,NA,NA,NA,NA,"DummyTreatment",NA,NA
"B","B","B","confirmatory","Center_2","Ctrl",11.2219422736342,NA,NA,NA,NA,"DummyTreatment",NA,NA
"B","B","B","confirmatory","Center_2","Ctrl",9.90426451542287,NA,NA,NA,NA,"DummyTreatment",NA,NA
"B","B","B","confirmatory","Center_2","Ctrl",5.20160458335493,NA,NA,NA,NA,"DummyTreatment",NA,NA
"B","B","B","confirmatory","Center_2","Treated",11.4392093296595,NA,NA,NA,NA,"DummyTreatment",NA,NA
"B","B","B","confirmatory","Center_2","Treated",13.125979066441,NA,NA,NA,NA,"DummyTreatment",NA,NA
"B","B","B","confirmatory","Center_2","Treated",11.2551224877923,NA,NA,NA,NA,"DummyTreatment",NA,NA
"B","B","B","confirmatory","Center_2","Treated",13.9539467733712,NA,NA,NA,NA,"DummyTreatment",NA,NA
"B","B","B","confirmatory","Center_2","Treated",11.250838284466,NA,NA,NA,NA,"DummyTreatment",NA,NA
"B","B","B","confirmatory","Center_2","Treated",14.1054229311587,NA,NA,NA,NA,"DummyTreatment",NA,NA
"B","B","B","confirmatory","Center_2","Treated",9.90164598666787,NA,NA,NA,NA,"DummyTreatment",NA,NA
"B","B","B","confirmatory","Center_2","Treated",9.47968951048377,NA,NA,NA,NA,"DummyTreatment",NA,NA
"B","B","B","confirmatory","Center_2","Treated",18.4820798698848,NA,NA,NA,NA,"DummyTreatment",NA,NA
"B","B","B","confirmatory","Center_2","Treated",11.1662848236791,NA,NA,NA,NA,"DummyTreatment",NA,NA
"B","B","B","confirmatory","Center_2","Treated",12.5964551830814,NA,NA,NA,NA,"DummyTreatment",NA,NA
"B","B","B","confirmatory","Center_2","Treated",13.2731393480677,NA,NA,NA,NA,"DummyTreatment",NA,NA
"B","B","B","exploratory","Center_1",NA,NA,NA,NA,NA,NA,"DummyTreatment",44,17
"C","C","C","exploratory","Center_1","Ctrl",14.0226111722682,NA,NA,NA,"Ctrl_sub_1","DummyTreatment",NA,NA
"C","C","C","exploratory","Center_1","Ctrl",7.64406500256577,NA,NA,NA,"Ctrl_sub_1","DummyTreatment",NA,NA
"C","C","C","exploratory","Center_1","Ctrl",8.48965903560952,NA,NA,NA,"Ctrl_sub_1","DummyTreatment",NA,NA
"C","C","C","exploratory","Center_1","Ctrl",14.2569037980324,NA,NA,NA,"Ctrl_sub_2","DummyTreatment",NA,NA
"C","C","C","exploratory","Center_1","Ctrl",8.51732780745434,NA,NA,NA,"Ctrl_sub_2","DummyTreatment",NA,NA
"C","C","C","exploratory","Center_1","Ctrl",7.80800746585067,NA,NA,NA,"Ctrl_sub_2","DummyTreatment",NA,NA
"C","C","C","exploratory","Center_1","Ctrl",10.0755767983422,NA,NA,NA,"Ctrl_sub_2","DummyTreatment",NA,NA
"C","C","C","exploratory","Center_1","Ctrl",10.6209614988863,NA,NA,NA,"Ctrl_sub_2","DummyTreatment",NA,NA
"C","C","C","exploratory","Center_1","Ctrl",10.8730469578204,NA,NA,NA,"Ctrl_sub_2","DummyTreatment",NA,NA
"C","C","C","exploratory","Center_1","Ctrl",9.08326933457779,NA,NA,NA,"Ctrl_sub_2","DummyTreatment",NA,NA
"C","C","C","exploratory","Center_1","Ctrl",7.87334773205762,NA,NA,NA,"Ctrl_sub_2","DummyTreatment",NA,NA
"C","C","C","exploratory","Center_1","Ctrl",12.526370352179,NA,NA,NA,"Ctrl_sub_2","DummyTreatment",NA,NA
"C","C","C","exploratory","Center_1","Ctrl",11.5711823257406,NA,NA,NA,"Ctrl_sub_3","DummyTreatment",NA,NA
"C","C","C","exploratory","Center_1","Ctrl",5.79550535299688,NA,NA,NA,"Ctrl_sub_3","DummyTreatment",NA,NA
"C","C","C","exploratory","Center_1","Ctrl",9.9155901405692,NA,NA,NA,"Ctrl_sub_3","DummyTreatment",NA,NA
"C","C","C","exploratory","Center_1","Ctrl",9.19038117315503,NA,NA,NA,"Ctrl_sub_3","DummyTreatment",NA,NA
"C","C","C","exploratory","Center_1","Ctrl",10.1694745843944,NA,NA,NA,"Ctrl_sub_4","DummyTreatment",NA,NA
"C","C","C","exploratory","Center_1","Ctrl",11.508107570369,NA,NA,NA,"Ctrl_sub_4","DummyTreatment",NA,NA
"C","C","C","exploratory","Center_1","Ctrl",9.00141596565548,NA,NA,NA,"Ctrl_sub_4","DummyTreatment",NA,NA
"C","C","C","exploratory","Center_1","Ctrl",10.4288906191632,NA,NA,NA,"Ctrl_sub_4","DummyTreatment",NA,NA
"C","C","C","exploratory","Center_1","Treated",12.1891670563471,NA,NA,NA,"Treated_sub_1","DummyTreatment",NA,NA
"C","C","C","exploratory","Center_1","Treated",10.2092732840449,NA,NA,NA,"Treated_sub_1","DummyTreatment",NA,NA
"C","C","C","exploratory","Center_1","Treated",9.37839693334406,NA,NA,NA,"Treated_sub_1","DummyTreatment",NA,NA
"C","C","C","exploratory","Center_1","Treated",15.9944267694959,NA,NA,NA,"Treated_sub_1","DummyTreatment",NA,NA
"C","C","C","exploratory","Center_1","Treated",13.5830958188478,NA,NA,NA,"Treated_sub_2","DummyTreatment",NA,NA
"C","C","C","exploratory","Center_1","Treated",10.5847856982758,NA,NA,NA,"Treated_sub_2","DummyTreatment",NA,NA
"C","C","C","exploratory","Center_1","Treated",9.44891325602308,NA,NA,NA,"Treated_sub_2","DummyTreatment",NA,NA
"C","C","C","exploratory","Center_1","Treated",16.7509289224663,NA,NA,NA,"Treated_sub_2","DummyTreatment",NA,NA
"C","C","C","exploratory","Center_1","Treated",9.81282050337574,NA,NA,NA,"Treated_sub_2","DummyTreatment",NA,NA
"C","C","C","exploratory","Center_1","Treated",11.4697098866073,NA,NA,NA,"Treated_sub_3","DummyTreatment",NA,NA
"C","C","C","exploratory","Center_1","Treated",13.0863881184642,NA,NA,NA,"Treated_sub_3","DummyTreatment",NA,NA
"C","C","C","exploratory","Center_1","Treated",11.1713201041623,NA,NA,NA,"Treated_sub_3","DummyTreatment",NA,NA
"C","C","C","confirmatory","Center_1","Ctrl",9.98971742323393,NA,NA,NA,"Ctrl_sub_1","DummyTreatment",NA,NA
"C","C","C","confirmatory","Center_1","Ctrl",8.25907111647091,NA,NA,NA,"Ctrl_sub_1","DummyTreatment",NA,NA
"C","C","C","confirmatory","Center_1","Ctrl",9.07424191946119,NA,NA,NA,"Ctrl_sub_1","DummyTreatment",NA,NA
"C","C","C","confirmatory","Center_1","Ctrl",6.17769748983782,NA,NA,NA,"Ctrl_sub_1","DummyTreatment",NA,NA
"C","C","C","confirmatory","Center_1","Ctrl",10.7396320874271,NA,NA,NA,"Ctrl_sub_1","DummyTreatment",NA,NA
"C","C","C","confirmatory","Center_1","Ctrl",9.07542388543726,NA,NA,NA,"Ctrl_sub_1","DummyTreatment",NA,NA
"C","C","C","confirmatory","Center_1","Ctrl",10.6439117836333,NA,NA,NA,"Ctrl_sub_1","DummyTreatment",NA,NA
"C","C","C","confirmatory","Center_1","Ctrl",9.43199722014179,NA,NA,NA,"Ctrl_sub_1","DummyTreatment",NA,NA
"C","C","C","confirmatory","Center_1","Ctrl",13.3513938648064,NA,NA,NA,"Ctrl_sub_2","DummyTreatment",NA,NA
"C","C","C","confirmatory","Center_1","Ctrl",9.11767356618943,NA,NA,NA,"Ctrl_sub_2","DummyTreatment",NA,NA
"C","C","C","confirmatory","Center_1","Ctrl",8.55386806012025,NA,NA,NA,"Ctrl_sub_2","DummyTreatment",NA,NA
"C","C","C","confirmatory","Center_1","Ctrl",9.93497949833983,NA,NA,NA,"Ctrl_sub_3","DummyTreatment",NA,NA
"C","C","C","confirmatory","Center_1","Ctrl",8.02064396178708,NA,NA,NA,"Ctrl_sub_3","DummyTreatment",NA,NA
"C","C","C","confirmatory","Center_1","Ctrl",10.423619856177,NA,NA,NA,"Ctrl_sub_3","DummyTreatment",NA,NA
"C","C","C","confirmatory","Center_1","Ctrl",8.05596493253715,NA,NA,NA,"Ctrl_sub_3","DummyTreatment",NA,NA
"C","C","C","confirmatory","Center_1","Treated",9.90195693997663,NA,NA,NA,"Treated_sub_1","DummyTreatment",NA,NA
"C","C","C","confirmatory","Center_1","Treated",12.8982678695208,NA,NA,NA,"Treated_sub_1","DummyTreatment",NA,NA
"C","C","C","confirmatory","Center_1","Treated",11.2282886949147,NA,NA,NA,"Treated_sub_1","DummyTreatment",NA,NA
"C","C","C","confirmatory","Center_1","Treated",8.85972895403635,NA,NA,NA,"Treated_sub_1","DummyTreatment",NA,NA
"C","C","C","confirmatory","Center_1","Treated",13.7693009979538,NA,NA,NA,"Treated_sub_2","DummyTreatment",NA,NA
"C","C","C","confirmatory","Center_1","Treated",9.96881484279291,NA,NA,NA,"Treated_sub_2","DummyTreatment",NA,NA
"C","C","C","confirmatory","Center_1","Treated",15.9105879309849,NA,NA,NA,"Treated_sub_2","DummyTreatment",NA,NA
"C","C","C","confirmatory","Center_1","Treated",11.8193608120683,NA,NA,NA,"Treated_sub_2","DummyTreatment",NA,NA
"C","C","C","confirmatory","Center_1","Treated",12.4290776532584,NA,NA,NA,"Treated_sub_2","DummyTreatment",NA,NA
"C","C","C","confirmatory","Center_1","Treated",10.5229445905209,NA,NA,NA,"Treated_sub_2","DummyTreatment",NA,NA
"C","C","C","confirmatory","Center_1","Treated",10.8512226204735,NA,NA,NA,"Treated_sub_2","DummyTreatment",NA,NA
"C","C","C","confirmatory","Center_1","Treated",13.8462584787309,NA,NA,NA,"Treated_sub_3","DummyTreatment",NA,NA
"C","C","C","confirmatory","Center_1","Treated",13.386267943822,NA,NA,NA,"Treated_sub_3","DummyTreatment",NA,NA
"C","C","C","confirmatory","Center_1","Treated",11.7209993508765,NA,NA,NA,"Treated_sub_3","DummyTreatment",NA,NA
"C","C","C","confirmatory","Center_1","Treated",5.3786425468748,NA,NA,NA,"Treated_sub_3","DummyTreatment",NA,NA
"C","C","C","confirmatory","Center_1","Treated",13.0769315982257,NA,NA,NA,"Treated_sub_3","DummyTreatment",NA,NA
"C","C","C","confirmatory","Center_2","Ctrl",10.9789240724268,NA,NA,NA,"Ctrl_sub_1","DummyTreatment",NA,NA
"C","C","C","confirmatory","Center_2","Ctrl",7.60729650686941,NA,NA,NA,"Ctrl_sub_1","DummyTreatment",NA,NA
"C","C","C","confirmatory","Center_2","Ctrl",10.9254757064953,NA,NA,NA,"Ctrl_sub_1","DummyTreatment",NA,NA
"C","C","C","confirmatory","Center_2","Ctrl",11.9434071526525,NA,NA,NA,"Ctrl_sub_1","DummyTreatment",NA,NA
"C","C","C","confirmatory","Center_2","Ctrl",9.79805022934238,NA,NA,NA,"Ctrl_sub_2","DummyTreatment",NA,NA
"C","C","C","confirmatory","Center_2","Ctrl",7.28031859235721,NA,NA,NA,"Ctrl_sub_2","DummyTreatment",NA,NA
"C","C","C","confirmatory","Center_2","Ctrl",8.67046112945188,NA,NA,NA,"Ctrl_sub_2","DummyTreatment",NA,NA
"C","C","C","confirmatory","Center_2","Ctrl",10.9709199578098,NA,NA,NA,"Ctrl_sub_2","DummyTreatment",NA,NA
"C","C","C","confirmatory","Center_2","Ctrl",9.24879425666045,NA,NA,NA,"Ctrl_sub_2","DummyTreatment",NA,NA
"C","C","C","confirmatory","Center_2","Ctrl",8.87624727290043,NA,NA,NA,"Ctrl_sub_2","DummyTreatment",NA,NA
"C","C","C","confirmatory","Center_2","Ctrl",8.15407836985674,NA,NA,NA,"Ctrl_sub_3","DummyTreatment",NA,NA
"C","C","C","confirmatory","Center_2","Ctrl",10.0197962591177,NA,NA,NA,"Ctrl_sub_3","DummyTreatment",NA,NA
"C","C","C","confirmatory","Center_2","Ctrl",9.18228045260182,NA,NA,NA,"Ctrl_sub_3","DummyTreatment",NA,NA
"C","C","C","confirmatory","Center_2","Ctrl",7.22350942240051,NA,NA,NA,"Ctrl_sub_3","DummyTreatment",NA,NA
"C","C","C","confirmatory","Center_2","Ctrl",9.47080952304107,NA,NA,NA,"Ctrl_sub_3","DummyTreatment",NA,NA
"C","C","C","confirmatory","Center_2","Ctrl",8.10540344203334,NA,NA,NA,"Ctrl_sub_3","DummyTreatment",NA,NA
"C","C","C","confirmatory","Center_2","Ctrl",11.4790426559232,NA,NA,NA,"Ctrl_sub_3","DummyTreatment",NA,NA
"C","C","C","confirmatory","Center_2","Ctrl",11.7935574171344,NA,NA,NA,"Ctrl_sub_3","DummyTreatment",NA,NA
"C","C","C","confirmatory","Center_2","Ctrl",9.30799822577832,NA,NA,NA,"Ctrl_sub_3","DummyTreatment",NA,NA
"C","C","C","confirmatory","Center_2","Treated",12.9298835061516,NA,NA,NA,"Treated_sub_1","DummyTreatment",NA,NA
"C","C","C","confirmatory","Center_2","Treated",8.09793878050573,NA,NA,NA,"Treated_sub_1","DummyTreatment",NA,NA
"C","C","C","confirmatory","Center_2","Treated",10.9677733190739,NA,NA,NA,"Treated_sub_1","DummyTreatment",NA,NA
"C","C","C","confirmatory","Center_2","Treated",11.7336980713421,NA,NA,NA,"Treated_sub_2","DummyTreatment",NA,NA
"C","C","C","confirmatory","Center_2","Treated",8.48694520888473,NA,NA,NA,"Treated_sub_2","DummyTreatment",NA,NA
"C","C","C","confirmatory","Center_2","Treated",11.2224402718565,NA,NA,NA,"Treated_sub_2","DummyTreatment",NA,NA
"C","C","C","confirmatory","Center_2","Treated",12.1784144461466,NA,NA,NA,"Treated_sub_2","DummyTreatment",NA,NA
"C","C","C","confirmatory","Center_2","Treated",13.6900260081349,NA,NA,NA,"Treated_sub_2","DummyTreatment",NA,NA
"C","C","C","confirmatory","Center_2","Treated",13.9250559369685,NA,NA,NA,"Treated_sub_2","DummyTreatment",NA,NA
"C","C","C","confirmatory","Center_2","Treated",13.3686188588329,NA,NA,NA,"Treated_sub_2","DummyTreatment",NA,NA
"C","C","C","confirmatory","Center_2","Treated",9.20945130040107,NA,NA,NA,"Treated_sub_2","DummyTreatment",NA,NA
"C","C","C","confirmatory","Center_2","Treated",13.6992860912667,NA,NA,NA,"Treated_sub_2","DummyTreatment",NA,NA
"C","C","C","confirmatory","Center_2","Treated",11.1068855671456,NA,NA,NA,"Treated_sub_2","DummyTreatment",NA,NA
"C","C","C","confirmatory","Center_2","Treated",14.4325004770419,NA,NA,NA,"Treated_sub_3","DummyTreatment",NA,NA
"C","C","C","confirmatory","Center_2","Treated",12.4394568090193,NA,NA,NA,"Treated_sub_3","DummyTreatment",NA,NA
"C","C","C","confirmatory","Center_2","Treated",12.1499990538825,NA,NA,NA,"Treated_sub_3","DummyTreatment",NA,NA
"C","C","C","confirmatory","Center_2","Treated",7.71916303230017,NA,NA,NA,"Treated_sub_3","DummyTreatment",NA,NA
"C","C","C","confirmatory","Center_2","Treated",14.9419444730329,NA,NA,NA,"Treated_sub_3","DummyTreatment",NA,NA
"C","C","C","confirmatory","Center_2","Treated",10.3244647876154,NA,NA,NA,"Treated_sub_3","DummyTreatment",NA,NA
"C","C","C","confirmatory","Center_3","Ctrl",11.7728433533161,NA,NA,NA,"Ctrl_sub_1","DummyTreatment",NA,NA
"C","C","C","confirmatory","Center_3","Ctrl",12.4020851035572,NA,NA,NA,"Ctrl_sub_1","DummyTreatment",NA,NA
"C","C","C","confirmatory","Center_3","Ctrl",12.6336113625869,NA,NA,NA,"Ctrl_sub_1","DummyTreatment",NA,NA
"C","C","C","confirmatory","Center_3","Ctrl",9.61391916366841,NA,NA,NA,"Ctrl_sub_1","DummyTreatment",NA,NA
"C","C","C","confirmatory","Center_3","Ctrl",11.101152498639,NA,NA,NA,"Ctrl_sub_1","DummyTreatment",NA,NA
"C","C","C","confirmatory","Center_3","Ctrl",5.82245411244824,NA,NA,NA,"Ctrl_sub_1","DummyTreatment",NA,NA
"C","C","C","confirmatory","Center_3","Ctrl",9.95018041294634,NA,NA,NA,"Ctrl_sub_1","DummyTreatment",NA,NA
"C","C","C","confirmatory","Center_3","Ctrl",11.7769153028009,NA,NA,NA,"Ctrl_sub_1","DummyTreatment",NA,NA
"C","C","C","confirmatory","Center_3","Ctrl",9.32513769733264,NA,NA,NA,"Ctrl_sub_1","DummyTreatment",NA,NA
"C","C","C","confirmatory","Center_3","Ctrl",7.93857789068668,NA,NA,NA,"Ctrl_sub_1","DummyTreatment",NA,NA
"C","C","C","confirmatory","Center_3","Ctrl",14.0049654605857,NA,NA,NA,"Ctrl_sub_2","DummyTreatment",NA,NA
"C","C","C","confirmatory","Center_3","Ctrl",10.1334017418604,NA,NA,NA,"Ctrl_sub_2","DummyTreatment",NA,NA
"C","C","C","confirmatory","Center_3","Ctrl",13.7337036894137,NA,NA,NA,"Ctrl_sub_2","DummyTreatment",NA,NA
"C","C","C","confirmatory","Center_3","Ctrl",7.29819462793858,NA,NA,NA,"Ctrl_sub_2","DummyTreatment",NA,NA
"C","C","C","confirmatory","Center_3","Ctrl",10.0419671727085,NA,NA,NA,"Ctrl_sub_2","DummyTreatment",NA,NA
"C","C","C","confirmatory","Center_3","Ctrl",12.4998291419384,NA,NA,NA,"Ctrl_sub_2","DummyTreatment",NA,NA
"C","C","C","confirmatory","Center_3","Ctrl",8.56951562555441,NA,NA,NA,"Ctrl_sub_2","DummyTreatment",NA,NA
"C","C","C","confirmatory","Center_3","Ctrl",8.49462206356452,NA,NA,NA,"Ctrl_sub_2","DummyTreatment",NA,NA
"C","C","C","confirmatory","Center_3","Ctrl",11.6934771820974,NA,NA,NA,"Ctrl_sub_3","DummyTreatment",NA,NA
"C","C","C","confirmatory","Center_3","Ctrl",11.8515411840622,NA,NA,NA,"Ctrl_sub_3","DummyTreatment",NA,NA
"C","C","C","confirmatory","Center_3","Ctrl",9.35833883812029,NA,NA,NA,"Ctrl_sub_3","DummyTreatment",NA,NA
"C","C","C","confirmatory","Center_3","Ctrl",7.39805273270629,NA,NA,NA,"Ctrl_sub_3","DummyTreatment",NA,NA
"C","C","C","confirmatory","Center_3","Ctrl",14.919136020643,NA,NA,NA,"Ctrl_sub_3","DummyTreatment",NA,NA
"C","C","C","confirmatory","Center_3","Treated",13.3797618252258,NA,NA,NA,"Treated_sub_1","DummyTreatment",NA,NA
"C","C","C","confirmatory","Center_3","Treated",8.5910689023885,NA,NA,NA,"Treated_sub_1","DummyTreatment",NA,NA
"C","C","C","confirmatory","Center_3","Treated",14.2107442693671,NA,NA,NA,"Treated_sub_1","DummyTreatment",NA,NA
"C","C","C","confirmatory","Center_3","Treated",11.3722943706282,NA,NA,NA,"Treated_sub_1","DummyTreatment",NA,NA
"C","C","C","confirmatory","Center_3","Treated",11.3066145090426,NA,NA,NA,"Treated_sub_1","DummyTreatment",NA,NA
"C","C","C","confirmatory","Center_3","Treated",14.0768809545964,NA,NA,NA,"Treated_sub_1","DummyTreatment",NA,NA
"C","C","C","confirmatory","Center_3","Treated",13.4070478055138,NA,NA,NA,"Treated_sub_2","DummyTreatment",NA,NA
"C","C","C","confirmatory","Center_3","Treated",11.7886573319925,NA,NA,NA,"Treated_sub_2","DummyTreatment",NA,NA
"C","C","C","confirmatory","Center_3","Treated",9.48270274387966,NA,NA,NA,"Treated_sub_2","DummyTreatment",NA,NA
"C","C","C","confirmatory","Center_3","Treated",15.3688714161882,NA,NA,NA,"Treated_sub_2","DummyTreatment",NA,NA
"C","C","C","confirmatory","Center_3","Treated",13.8227825835919,NA,NA,NA,"Treated_sub_2","DummyTreatment",NA,NA
"C","C","C","confirmatory","Center_3","Treated",13.6748530145586,NA,NA,NA,"Treated_sub_3","DummyTreatment",NA,NA
"C","C","C","confirmatory","Center_3","Treated",11.4162525681425,NA,NA,NA,"Treated_sub_3","DummyTreatment",NA,NA
"C","C","C","confirmatory","Center_3","Treated",12.6412021604506,NA,NA,NA,"Treated_sub_3","DummyTreatment",NA,NA
"C","C","C","confirmatory","Center_3","Treated",9.2604484782747,NA,NA,NA,"Treated_sub_3","DummyTreatment",NA,NA
"C","C","C","confirmatory","Center_3","Treated",12.5824593165204,NA,NA,NA,"Treated_sub_3","DummyTreatment",NA,NA
"C","C","C","confirmatory","Center_3","Treated",14.7710909371635,NA,NA,NA,"Treated_sub_3","DummyTreatment",NA,NA
"C","C","C","confirmatory","Center_3","Treated",12.3380904713055,NA,NA,NA,"Treated_sub_3","DummyTreatment",NA,NA
"C","C","C","confirmatory","Center_3","Treated",14.1378425683505,NA,NA,NA,"Treated_sub_3","DummyTreatment",NA,NA
"C","C","C","exploratory","Center_1",NA,NA,NA,NA,NA,NA,"DummyTreatment",29,28
"D","D","D","exploratory","Center_1","Ctrl",7.12032588219277,NA,NA,NA,NA,"DummyTreatment",NA,NA
"D","D","D","exploratory","Center_1","Ctrl",7.98766770657539,NA,NA,NA,NA,"DummyTreatment",NA,NA
"D","D","D","exploratory","Center_1","Ctrl",8.11928994689179,NA,NA,NA,NA,"DummyTreatment",NA,NA
"D","D","D","exploratory","Center_1","Ctrl",10.1069026643076,NA,NA,NA,NA,"DummyTreatment",NA,NA
"D","D","D","exploratory","Center_1","Ctrl",8.85210900871662,NA,NA,NA,NA,"DummyTreatment",NA,NA
"D","D","D","exploratory","Center_1","Ctrl",10.4410976601511,NA,NA,NA,NA,"DummyTreatment",NA,NA
"D","D","D","exploratory","Center_1","Ctrl",8.33096853102336,NA,NA,NA,NA,"DummyTreatment",NA,NA
"D","D","D","exploratory","Center_1","Ctrl",9.73929167547599,NA,NA,NA,NA,"DummyTreatment",NA,NA
"D","D","D","exploratory","Center_1","Ctrl",11.1346588835719,NA,NA,NA,NA,"DummyTreatment",NA,NA
"D","D","D","exploratory","Center_1","Ctrl",12.4169336400479,NA,NA,NA,NA,"DummyTreatment",NA,NA
"D","D","D","exploratory","Center_1","Ctrl",10.2544392968056,NA,NA,NA,NA,"DummyTreatment",NA,NA
"D","D","D","exploratory","Center_1","Ctrl",8.09718091361775,NA,NA,NA,NA,"DummyTreatment",NA,NA
"D","D","D","exploratory","Center_1","Ctrl",8.67497112200336,NA,NA,NA,NA,"DummyTreatment",NA,NA
"D","D","D","exploratory","Center_1","Ctrl",10.6891897087776,NA,NA,NA,NA,"DummyTreatment",NA,NA
"D","D","D","exploratory","Center_1","Ctrl",7.8402915582756,NA,NA,NA,NA,"DummyTreatment",NA,NA
"D","D","D","exploratory","Center_1","Ctrl",10.4193052084189,NA,NA,NA,NA,"DummyTreatment",NA,NA
"D","D","D","exploratory","Center_1","Treated",11.6401875379049,NA,NA,NA,NA,"DummyTreatment",NA,NA
"D","D","D","exploratory","Center_1","Treated",14.0298863454873,NA,NA,NA,NA,"DummyTreatment",NA,NA
"D","D","D","exploratory","Center_1","Treated",8.01450302262284,NA,NA,NA,NA,"DummyTreatment",NA,NA
"D","D","D","exploratory","Center_1","Treated",11.1454414255891,NA,NA,NA,NA,"DummyTreatment",NA,NA
"D","D","D","exploratory","Center_1","Treated",12.2332745671654,NA,NA,NA,NA,"DummyTreatment",NA,NA
"D","D","D","exploratory","Center_1","Treated",10.2135848598901,NA,NA,NA,NA,"DummyTreatment",NA,NA
"D","D","D","exploratory","Center_1","Treated",12.6678058849985,NA,NA,NA,NA,"DummyTreatment",NA,NA
"D","D","D","exploratory","Center_1","Treated",12.8228598412315,NA,NA,NA,NA,"DummyTreatment",NA,NA
"D","D","D","exploratory","Center_1","Treated",11.933927681448,NA,NA,NA,NA,"DummyTreatment",NA,NA
"D","D","D","exploratory","Center_1","Treated",7.06820361247995,NA,NA,NA,NA,"DummyTreatment",NA,NA
"D","D","D","exploratory","Center_1","Treated",17.1429162917333,NA,NA,NA,NA,"DummyTreatment",NA,NA
"D","D","D","exploratory","Center_1","Treated",11.5894014850636,NA,NA,NA,NA,"DummyTreatment",NA,NA
"D","D","D","exploratory","Center_1","Treated",13.3023865631753,NA,NA,NA,NA,"DummyTreatment",NA,NA
"D","D","D","confirmatory","Center_1","Ctrl",11.3882835728928,NA,NA,NA,NA,"DummyTreatment",NA,NA
"D","D","D","confirmatory","Center_1","Ctrl",10.5731423347407,NA,NA,NA,NA,"DummyTreatment",NA,NA
"D","D","D","confirmatory","Center_1","Ctrl",6.0038653734654,NA,NA,NA,NA,"DummyTreatment",NA,NA
"D","D","D","confirmatory","Center_1","Ctrl",12.299556478498,NA,NA,NA,NA,"DummyTreatment",NA,NA
"D","D","D","confirmatory","Center_1","Ctrl",12.8717210951851,NA,NA,NA,NA,"DummyTreatment",NA,NA
"D","D","D","confirmatory","Center_1","Ctrl",9.04111985047813,NA,NA,NA,NA,"DummyTreatment",NA,NA
"D","D","D","confirmatory","Center_1","Ctrl",14.5782126755605,NA,NA,NA,NA,"DummyTreatment",NA,NA
"D","D","D","confirmatory","Center_1","Ctrl",3.92443570471625,NA,NA,NA,NA,"DummyTreatment",NA,NA
"D","D","D","confirmatory","Center_1","Ctrl",7.91294810530443,NA,NA,NA,NA,"DummyTreatment",NA,NA
"D","D","D","confirmatory","Center_1","Ctrl",10.4930056090862,NA,NA,NA,NA,"DummyTreatment",NA,NA
"D","D","D","confirmatory","Center_1","Ctrl",10.1401298045863,NA,NA,NA,NA,"DummyTreatment",NA,NA
"D","D","D","confirmatory","Center_1","Ctrl",7.03242418449591,NA,NA,NA,NA,"DummyTreatment",NA,NA
"D","D","D","confirmatory","Center_1","Ctrl",13.2634541809611,NA,NA,NA,NA,"DummyTreatment",NA,NA
"D","D","D","confirmatory","Center_1","Ctrl",8.64728334821932,NA,NA,NA,NA,"DummyTreatment",NA,NA
"D","D","D","confirmatory","Center_1","Ctrl",7.07248424072421,NA,NA,NA,NA,"DummyTreatment",NA,NA
"D","D","D","confirmatory","Center_1","Ctrl",9.9490450330509,NA,NA,NA,NA,"DummyTreatment",NA,NA
"D","D","D","confirmatory","Center_1","Ctrl",12.435827024891,NA,NA,NA,NA,"DummyTreatment",NA,NA
"D","D","D","confirmatory","Center_1","Ctrl",8.34335408094219,NA,NA,NA,NA,"DummyTreatment",NA,NA
"D","D","D","confirmatory","Center_1","Ctrl",8.56374855936217,NA,NA,NA,NA,"DummyTreatment",NA,NA
"D","D","D","confirmatory","Center_1","Treated",12.3494527939637,NA,NA,NA,NA,"DummyTreatment",NA,NA
"D","D","D","confirmatory","Center_1","Treated",9.88996591479464,NA,NA,NA,NA,"DummyTreatment",NA,NA
"D","D","D","confirmatory","Center_1","Treated",12.9522665566053,NA,NA,NA,NA,"DummyTreatment",NA,NA
"D","D","D","confirmatory","Center_1","Treated",14.7571402739185,NA,NA,NA,NA,"DummyTreatment",NA,NA
"D","D","D","confirmatory","Center_1","Treated",12.9124728063596,NA,NA,NA,NA,"DummyTreatment",NA,NA
"D","D","D","confirmatory","Center_1","Treated",9.72882305925131,NA,NA,NA,NA,"DummyTreatment",NA,NA
"D","D","D","confirmatory","Center_1","Treated",11.1287090606162,NA,NA,NA,NA,"DummyTreatment",NA,NA
"D","D","D","confirmatory","Center_1","Treated",12.6922072391072,NA,NA,NA,NA,"DummyTreatment",NA,NA
"D","D","D","confirmatory","Center_1","Treated",10.7059087373635,NA,NA,NA,NA,"DummyTreatment",NA,NA
"D","D","D","confirmatory","Center_1","Treated",7.68470732996945,NA,NA,NA,NA,"DummyTreatment",NA,NA
"D","D","D","confirmatory","Center_1","Treated",13.7685016400564,NA,NA,NA,NA,"DummyTreatment",NA,NA
"D","D","D","confirmatory","Center_2","Ctrl",5.84023761721475,NA,NA,NA,NA,"DummyTreatment",NA,NA
"D","D","D","confirmatory","Center_2","Ctrl",12.7479158856694,NA,NA,NA,NA,"DummyTreatment",NA,NA
"D","D","D","confirmatory","Center_2","Ctrl",10.2136274024434,NA,NA,NA,NA,"DummyTreatment",NA,NA
"D","D","D","confirmatory","Center_2","Ctrl",9.9469926613509,NA,NA,NA,NA,"DummyTreatment",NA,NA
"D","D","D","confirmatory","Center_2","Ctrl",9.53271184543473,NA,NA,NA,NA,"DummyTreatment",NA,NA
"D","D","D","confirmatory","Center_2","Ctrl",8.83767325323151,NA,NA,NA,NA,"DummyTreatment",NA,NA
"D","D","D","confirmatory","Center_2","Ctrl",8.70864946387394,NA,NA,NA,NA,"DummyTreatment",NA,NA
"D","D","D","confirmatory","Center_2","Ctrl",9.31424586614566,NA,NA,NA,NA,"DummyTreatment",NA,NA
"D","D","D","confirmatory","Center_2","Ctrl",6.65054148734258,NA,NA,NA,NA,"DummyTreatment",NA,NA
"D","D","D","confirmatory","Center_2","Treated",11.9423168941434,NA,NA,NA,NA,"DummyTreatment",NA,NA
"D","D","D","confirmatory","Center_2","Treated",13.3413919374679,NA,NA,NA,NA,"DummyTreatment",NA,NA
"D","D","D","confirmatory","Center_2","Treated",8.69890691314978,NA,NA,NA,NA,"DummyTreatment",NA,NA
"D","D","D","confirmatory","Center_2","Treated",11.3004915215775,NA,NA,NA,NA,"DummyTreatment",NA,NA
"D","D","D","confirmatory","Center_2","Treated",13.512812877091,NA,NA,NA,NA,"DummyTreatment",NA,NA
"D","D","D","confirmatory","Center_2","Treated",10.9223816800448,NA,NA,NA,NA,"DummyTreatment",NA,NA
"D","D","D","confirmatory","Center_2","Treated",12.4545838433459,NA,NA,NA,NA,"DummyTreatment",NA,NA
"D","D","D","confirmatory","Center_2","Treated",12.9844571401289,NA,NA,NA,NA,"DummyTreatment",NA,NA
"D","D","D","confirmatory","Center_2","Treated",12.5356700306634,NA,NA,NA,NA,"DummyTreatment",NA,NA
"D","D","D","confirmatory","Center_2","Treated",13.3065153589428,NA,NA,NA,NA,"DummyTreatment",NA,NA
"D","D","D","confirmatory","Center_2","Treated",11.7545826780452,NA,NA,NA,NA,"DummyTreatment",NA,NA
"D","D","D","confirmatory","Center_2","Treated",11.1726469728158,NA,NA,NA,NA,"DummyTreatment",NA,NA
"D","D","D","confirmatory","Center_2","Treated",6.71370209594204,NA,NA,NA,NA,"DummyTreatment",NA,NA
"D","D","D","confirmatory","Center_2","Treated",11.8141179630411,NA,NA,NA,NA,"DummyTreatment",NA,NA
"D","D","D","exploratory","Center_1",NA,NA,NA,NA,NA,NA,"DummyTreatment",52,29
"E","E","E","exploratory","Center_1","Ctrl",10.8097813240329,NA,NA,NA,NA,"DummyTreatment",NA,NA
"E","E","E","exploratory","Center_1","Ctrl",7.40511462921943,NA,NA,NA,NA,"DummyTreatment",NA,NA
"E","E","E","exploratory","Center_1","Ctrl",11.2641681545878,NA,NA,NA,NA,"DummyTreatment",NA,NA
"E","E","E","exploratory","Center_1","Ctrl",7.64931519297182,NA,NA,NA,NA,"DummyTreatment",NA,NA
"E","E","E","exploratory","Center_1","Ctrl",8.73025802278201,NA,NA,NA,NA,"DummyTreatment",NA,NA
"E","E","E","exploratory","Center_1","Ctrl",5.28344199544004,NA,NA,NA,NA,"DummyTreatment",NA,NA
"E","E","E","exploratory","Center_1","Ctrl",7.74763932145279,NA,NA,NA,NA,"DummyTreatment",NA,NA
"E","E","E","exploratory","Center_1","Ctrl",11.2039156402674,NA,NA,NA,NA,"DummyTreatment",NA,NA
"E","E","E","exploratory","Center_1","Ctrl",11.1368897059874,NA,NA,NA,NA,"DummyTreatment",NA,NA
"E","E","E","exploratory","Center_1","Ctrl",9.67800493911013,NA,NA,NA,NA,"DummyTreatment",NA,NA
"E","E","E","exploratory","Center_1","Ctrl",7.65183994808549,NA,NA,NA,NA,"DummyTreatment",NA,NA
"E","E","E","exploratory","Center_1","Ctrl",12.4426815472417,NA,NA,NA,NA,"DummyTreatment",NA,NA
"E","E","E","exploratory","Center_1","Ctrl",6.55214980918972,NA,NA,NA,NA,"DummyTreatment",NA,NA
"E","E","E","exploratory","Center_1","Ctrl",9.84251723687021,NA,NA,NA,NA,"DummyTreatment",NA,NA
"E","E","E","exploratory","Center_1","Ctrl",8.77930267087476,NA,NA,NA,NA,"DummyTreatment",NA,NA
"E","E","E","exploratory","Center_1","Ctrl",7.59158060949969,NA,NA,NA,NA,"DummyTreatment",NA,NA
"E","E","E","exploratory","Center_1","Ctrl",10.2413829026833,NA,NA,NA,NA,"DummyTreatment",NA,NA
"E","E","E","exploratory","Center_1","Ctrl",8.08984342734828,NA,NA,NA,NA,"DummyTreatment",NA,NA
"E","E","E","exploratory","Center_1","Ctrl",10.1374459847677,NA,NA,NA,NA,"DummyTreatment",NA,NA
"E","E","E","exploratory","Center_1","Treated",7.55002460702518,NA,NA,NA,NA,"DummyTreatment",NA,NA
"E","E","E","exploratory","Center_1","Treated",14.4713869246003,NA,NA,NA,NA,"DummyTreatment",NA,NA
"E","E","E","exploratory","Center_1","Treated",9.51791100638302,NA,NA,NA,NA,"DummyTreatment",NA,NA
"E","E","E","exploratory","Center_1","Treated",12.9095385379653,NA,NA,NA,NA,"DummyTreatment",NA,NA
"E","E","E","exploratory","Center_1","Treated",13.3198052762852,NA,NA,NA,NA,"DummyTreatment",NA,NA
"E","E","E","exploratory","Center_1","Treated",11.6002203437971,NA,NA,NA,NA,"DummyTreatment",NA,NA
"E","E","E","exploratory","Center_1","Treated",10.7097720862804,NA,NA,NA,NA,"DummyTreatment",NA,NA
"E","E","E","exploratory","Center_1","Treated",12.3306420424841,NA,NA,NA,NA,"DummyTreatment",NA,NA
"E","E","E","exploratory","Center_1","Treated",12.8776374014289,NA,NA,NA,NA,"DummyTreatment",NA,NA
"E","E","E","exploratory","Center_1","Treated",13.7666056398974,NA,NA,NA,NA,"DummyTreatment",NA,NA
"E","E","E","exploratory","Center_1","Treated",7.8953260321961,NA,NA,NA,NA,"DummyTreatment",NA,NA
"E","E","E","exploratory","Center_1","Treated",8.72724146388195,NA,NA,NA,NA,"DummyTreatment",NA,NA
"E","E","E","exploratory","Center_1","Treated",14.8608046823764,NA,NA,NA,NA,"DummyTreatment",NA,NA
"E","E","E","exploratory","Center_1","Treated",14.0932576942231,NA,NA,NA,NA,"DummyTreatment",NA,NA
"E","E","E","exploratory","Center_1","Treated",12.8705778978154,NA,NA,NA,NA,"DummyTreatment",NA,NA
"E","E","E","exploratory","Center_1","Treated",13.4303568142221,NA,NA,NA,NA,"DummyTreatment",NA,NA
"E","E","E","exploratory","Center_1","Treated",13.834349835282,NA,NA,NA,NA,"DummyTreatment",NA,NA
"E","E","E","exploratory","Center_1","Treated",6.67815440306864,NA,NA,NA,NA,"DummyTreatment",NA,NA
"E","E","E","exploratory","Center_1","Treated",14.2205541932776,NA,NA,NA,NA,"DummyTreatment",NA,NA
"E","E","E","exploratory","Center_1","Treated",11.0300248068753,NA,NA,NA,NA,"DummyTreatment",NA,NA
"E","E","E","confirmatory","Center_1","Ctrl",10.1576260773487,NA,NA,NA,NA,"DummyTreatment",NA,NA
"E","E","E","confirmatory","Center_1","Ctrl",9.06210304633528,NA,NA,NA,NA,"DummyTreatment",NA,NA
"E","E","E","confirmatory","Center_1","Ctrl",6.54233401845496,NA,NA,NA,NA,"DummyTreatment",NA,NA
"E","E","E","confirmatory","Center_1","Ctrl",12.1303087941881,NA,NA,NA,NA,"DummyTreatment",NA,NA
"E","E","E","confirmatory","Center_1","Ctrl",10.9605635321273,NA,NA,NA,NA,"DummyTreatment",NA,NA
"E","E","E","confirmatory","Center_1","Ctrl",10.2749980771347,NA,NA,NA,NA,"DummyTreatment",NA,NA
"E","E","E","confirmatory","Center_1","Ctrl",11.5779149003224,NA,NA,NA,NA,"DummyTreatment",NA,NA
"E","E","E","confirmatory","Center_1","Ctrl",8.34584016795525,NA,NA,NA,NA,"DummyTreatment",NA,NA
"E","E","E","confirmatory","Center_1","Ctrl",10.4878883028527,NA,NA,NA,NA,"DummyTreatment",NA,NA
"E","E","E","confirmatory","Center_1","Ctrl",8.00027394994099,NA,NA,NA,NA,"DummyTreatment",NA,NA
"E","E","E","confirmatory","Center_1","Ctrl",12.2828300112277,NA,NA,NA,NA,"DummyTreatment",NA,NA
"E","E","E","confirmatory","Center_1","Ctrl",6.0341765005135,NA,NA,NA,NA,"DummyTreatment",NA,NA
"E","E","E","confirmatory","Center_1","Ctrl",9.95098650301174,NA,NA,NA,NA,"DummyTreatment",NA,NA
"E","E","E","confirmatory","Center_1","Ctrl",9.58369506400445,NA,NA,NA,NA,"DummyTreatment",NA,NA
"E","E","E","confirmatory","Center_1","Treated",11.5212968657238,NA,NA,NA,NA,"DummyTreatment",NA,NA
"E","E","E","confirmatory","Center_1","Treated",11.5719175200292,NA,NA,NA,NA,"DummyTreatment",NA,NA
"E","E","E","confirmatory","Center_1","Treated",12.3033610090186,NA,NA,NA,NA,"DummyTreatment",NA,NA
"E","E","E","confirmatory","Center_1","Treated",15.4246099546386,NA,NA,NA,NA,"DummyTreatment",NA,NA
"E","E","E","confirmatory","Center_1","Treated",11.3477122149893,NA,NA,NA,NA,"DummyTreatment",NA,NA
"E","E","E","confirmatory","Center_1","Treated",12.7460093116098,NA,NA,NA,NA,"DummyTreatment",NA,NA
"E","E","E","confirmatory","Center_1","Treated",11.5446318702089,NA,NA,NA,NA,"DummyTreatment",NA,NA
"E","E","E","confirmatory","Center_1","Treated",12.0409014170501,NA,NA,NA,NA,"DummyTreatment",NA,NA
"E","E","E","confirmatory","Center_1","Treated",12.6281153270125,NA,NA,NA,NA,"DummyTreatment",NA,NA
"E","E","E","confirmatory","Center_1","Treated",14.656429392074,NA,NA,NA,NA,"DummyTreatment",NA,NA
"E","E","E","confirmatory","Center_1","Treated",12.2426367549816,NA,NA,NA,NA,"DummyTreatment",NA,NA
"E","E","E","confirmatory","Center_1","Treated",13.4256846400622,NA,NA,NA,NA,"DummyTreatment",NA,NA
"E","E","E","confirmatory","Center_1","Treated",13.5577200595671,NA,NA,NA,NA,"DummyTreatment",NA,NA
"E","E","E","confirmatory","Center_1","Treated",13.8295465417113,NA,NA,NA,NA,"DummyTreatment",NA,NA
"E","E","E","confirmatory","Center_1","Treated",10.8512108956312,NA,NA,NA,NA,"DummyTreatment",NA,NA
"E","E","E","confirmatory","Center_1","Treated",15.2537624283894,NA,NA,NA,NA,"DummyTreatment",NA,NA
"E","E","E","confirmatory","Center_1","Treated",11.238086521412,NA,NA,NA,NA,"DummyTreatment",NA,NA
"E","E","E","confirmatory","Center_1","Treated",11.7884316647005,NA,NA,NA,NA,"DummyTreatment",NA,NA
"E","E","E","confirmatory","Center_2","Ctrl",10.6484212148197,NA,NA,NA,NA,"DummyTreatment",NA,NA
"E","E","E","confirmatory","Center_2","Ctrl",11.3954740112867,NA,NA,NA,NA,"DummyTreatment",NA,NA
"E","E","E","confirmatory","Center_2","Ctrl",7.95485387314845,NA,NA,NA,NA,"DummyTreatment",NA,NA
"E","E","E","confirmatory","Center_2","Ctrl",9.66345848237879,NA,NA,NA,NA,"DummyTreatment",NA,NA
"E","E","E","confirmatory","Center_2","Ctrl",8.4810217129821,NA,NA,NA,NA,"DummyTreatment",NA,NA
"E","E","E","confirmatory","Center_2","Ctrl",9.49418152556415,NA,NA,NA,NA,"DummyTreatment",NA,NA
"E","E","E","confirmatory","Center_2","Ctrl",11.9053599815309,NA,NA,NA,NA,"DummyTreatment",NA,NA
"E","E","E","confirmatory","Center_2","Ctrl",9.44917020395885,NA,NA,NA,NA,"DummyTreatment",NA,NA
"E","E","E","confirmatory","Center_2","Ctrl",7.53438792197992,NA,NA,NA,NA,"DummyTreatment",NA,NA
"E","E","E","confirmatory","Center_2","Ctrl",10.4750071688216,NA,NA,NA,NA,"DummyTreatment",NA,NA
"E","E","E","confirmatory","Center_2","Ctrl",12.1025185772783,NA,NA,NA,NA,"DummyTreatment",NA,NA
"E","E","E","confirmatory","Center_2","Ctrl",9.88908410984832,NA,NA,NA,NA,"DummyTreatment",NA,NA
"E","E","E","confirmatory","Center_2","Ctrl",8.92464626519031,NA,NA,NA,NA,"DummyTreatment",NA,NA
"E","E","E","confirmatory","Center_2","Ctrl",9.70076463018933,NA,NA,NA,NA,"DummyTreatment",NA,NA
"E","E","E","confirmatory","Center_2","Ctrl",9.18017118109917,NA,NA,NA,NA,"DummyTreatment",NA,NA
"E","E","E","confirmatory","Center_2","Ctrl",10.0350831998615,NA,NA,NA,NA,"DummyTreatment",NA,NA
"E","E","E","confirmatory","Center_2","Ctrl",11.5020822083631,NA,NA,NA,NA,"DummyTreatment",NA,NA
"E","E","E","confirmatory","Center_2","Treated",11.8415765814828,NA,NA,NA,NA,"DummyTreatment",NA,NA
"E","E","E","confirmatory","Center_2","Treated",11.8052614649738,NA,NA,NA,NA,"DummyTreatment",NA,NA
"E","E","E","confirmatory","Center_2","Treated",12.4323050836025,NA,NA,NA,NA,"DummyTreatment",NA,NA
"E","E","E","confirmatory","Center_2","Treated",13.7649303287932,NA,NA,NA,NA,"DummyTreatment",NA,NA
"E","E","E","confirmatory","Center_2","Treated",12.4111950089668,NA,NA,NA,NA,"DummyTreatment",NA,NA
"E","E","E","confirmatory","Center_2","Treated",10.7671283142529,NA,NA,NA,NA,"DummyTreatment",NA,NA
"E","E","E","confirmatory","Center_2","Treated",10.5304014961574,NA,NA,NA,NA,"DummyTreatment",NA,NA
"E","E","E","confirmatory","Center_2","Treated",11.7363944139176,NA,NA,NA,NA,"DummyTreatment",NA,NA
"E","E","E","confirmatory","Center_2","Treated",12.6200339731579,NA,NA,NA,NA,"DummyTreatment",NA,NA
"E","E","E","confirmatory","Center_2","Treated",9.92063929459592,NA,NA,NA,NA,"DummyTreatment",NA,NA
"E","E","E","confirmatory","Center_2","Treated",11.6313822623152,NA,NA,NA,NA,"DummyTreatment",NA,NA
"E","E","E","confirmatory","Center_2","Treated",13.9345345203358,NA,NA,NA,NA,"DummyTreatment",NA,NA
"E","E","E","exploratory","Center_1",NA,NA,NA,NA,NA,NA,"DummyTreatment",37,21
"F","F","F","exploratory","Center_1","Ctrl",NA,9.44810966314892,2.73499893723056,12,NA,"DummyTreatment",NA,NA
"F","F","F","exploratory","Center_1","Treated",NA,11.8825302183065,2.07882146537304,14,NA,"DummyTreatment",NA,NA
"F","F","F","confirmatory","Center_1","Ctrl",NA,8.81309922282153,1.48687048489228,15,NA,"DummyTreatment",NA,NA
"F","F","F","confirmatory","Center_1","Treated",NA,9.33580212088056,2.42630037758499,14,NA,"DummyTreatment",NA,NA
"F","F","F","confirmatory","Center_2","Ctrl",NA,7.80182909707954,2.12392631778494,10,NA,"DummyTreatment",NA,NA
"F","F","F","confirmatory","Center_2","Treated",NA,12.0635743516727,2.60095274774358,5,NA,"DummyTreatment",NA,NA
"F","F","F","exploratory","Center_1",NA,NA,NA,NA,NA,NA,"DummyTreatment",21,20
"G","G","G","exploratory","Center_1","Ctrl",9.45350378637615,NA,NA,NA,"Ctrl_sub_1","DummyTreatment",NA,NA
"G","G","G","exploratory","Center_1","Ctrl",9.06260044043583,NA,NA,NA,"Ctrl_sub_1","DummyTreatment",NA,NA
"G","G","G","exploratory","Center_1","Ctrl",11.4083345678594,NA,NA,NA,"Ctrl_sub_1","DummyTreatment",NA,NA
"G","G","G","exploratory","Center_1","Ctrl",7.60527299526918,NA,NA,NA,"Ctrl_sub_1","DummyTreatment",NA,NA
"G","G","G","exploratory","Center_1","Ctrl",11.7327322642255,NA,NA,NA,"Ctrl_sub_1","DummyTreatment",NA,NA
"G","G","G","exploratory","Center_1","Ctrl",11.7283049724518,NA,NA,NA,"Ctrl_sub_1","DummyTreatment",NA,NA
"G","G","G","exploratory","Center_1","Ctrl",7.6027552818625,NA,NA,NA,"Ctrl_sub_1","DummyTreatment",NA,NA
"G","G","G","exploratory","Center_1","Ctrl",11.2789839958011,NA,NA,NA,"Ctrl_sub_1","DummyTreatment",NA,NA
"G","G","G","exploratory","Center_1","Ctrl",10.6349214517738,NA,NA,NA,"Ctrl_sub_2","DummyTreatment",NA,NA
"G","G","G","exploratory","Center_1","Ctrl",8.31612721477528,NA,NA,NA,"Ctrl_sub_2","DummyTreatment",NA,NA
"G","G","G","exploratory","Center_1","Ctrl",11.2121209872864,NA,NA,NA,"Ctrl_sub_2","DummyTreatment",NA,NA
"G","G","G","exploratory","Center_1","Ctrl",11.3129362173175,NA,NA,NA,"Ctrl_sub_2","DummyTreatment",NA,NA
"G","G","G","exploratory","Center_1","Treated",15.3038307832463,NA,NA,NA,"Treated_sub_1","DummyTreatment",NA,NA
"G","G","G","exploratory","Center_1","Treated",9.08205854292617,NA,NA,NA,"Treated_sub_1","DummyTreatment",NA,NA
"G","G","G","exploratory","Center_1","Treated",11.8974042277493,NA,NA,NA,"Treated_sub_1","DummyTreatment",NA,NA
"G","G","G","exploratory","Center_1","Treated",10.6149780708218,NA,NA,NA,"Treated_sub_2","DummyTreatment",NA,NA
"G","G","G","exploratory","Center_1","Treated",15.0726421743771,NA,NA,NA,"Treated_sub_2","DummyTreatment",NA,NA
"G","G","G","exploratory","Center_1","Treated",12.3454629693772,NA,NA,NA,"Treated_sub_2","DummyTreatment",NA,NA
"G","G","G","exploratory","Center_1","Treated",10.2647923862793,NA,NA,NA,"Treated_sub_2","DummyTreatment",NA,NA
"G","G","G","exploratory","Center_1","Treated",11.0281935558091,NA,NA,NA,"Treated_sub_2","DummyTreatment",NA,NA
"G","G","G","exploratory","Center_1","Treated",8.8569556119408,NA,NA,NA,"Treated_sub_2","DummyTreatment",NA,NA
"G","G","G","confirmatory","Center_1","Ctrl",10.3262728260966,NA,NA,NA,"Ctrl_sub_1","DummyTreatment",NA,NA
"G","G","G","confirmatory","Center_1","Ctrl",11.8283117078019,NA,NA,NA,"Ctrl_sub_1","DummyTreatment",NA,NA
"G","G","G","confirmatory","Center_1","Ctrl",10.3412891308888,NA,NA,NA,"Ctrl_sub_1","DummyTreatment",NA,NA
"G","G","G","confirmatory","Center_1","Ctrl",11.3644028967189,NA,NA,NA,"Ctrl_sub_1","DummyTreatment",NA,NA
"G","G","G","confirmatory","Center_1","Ctrl",8.88158630847193,NA,NA,NA,"Ctrl_sub_1","DummyTreatment",NA,NA
"G","G","G","confirmatory","Center_1","Ctrl",8.71112613994696,NA,NA,NA,"Ctrl_sub_1","DummyTreatment",NA,NA
"G","G","G","confirmatory","Center_1","Ctrl",9.52102544684319,NA,NA,NA,"Ctrl_sub_1","DummyTreatment",NA,NA
"G","G","G","confirmatory","Center_1","Ctrl",13.364888186148,NA,NA,NA,"Ctrl_sub_1","DummyTreatment",NA,NA
"G","G","G","confirmatory","Center_1","Ctrl",9.52237385231183,NA,NA,NA,"Ctrl_sub_1","DummyTreatment",NA,NA
"G","G","G","confirmatory","Center_1","Ctrl",9.11043604332602,NA,NA,NA,"Ctrl_sub_2","DummyTreatment",NA,NA
"G","G","G","confirmatory","Center_1","Ctrl",12.740007987942,NA,NA,NA,"Ctrl_sub_2","DummyTreatment",NA,NA
"G","G","G","confirmatory","Center_1","Ctrl",11.3465077267097,NA,NA,NA,"Ctrl_sub_2","DummyTreatment",NA,NA
"G","G","G","confirmatory","Center_1","Ctrl",10.1443335048295,NA,NA,NA,"Ctrl_sub_2","DummyTreatment",NA,NA
"G","G","G","confirmatory","Center_1","Ctrl",6.98448536492664,NA,NA,NA,"Ctrl_sub_2","DummyTreatment",NA,NA
"G","G","G","confirmatory","Center_1","Ctrl",10.0522004506525,NA,NA,NA,"Ctrl_sub_2","DummyTreatment",NA,NA
"G","G","G","confirmatory","Center_1","Ctrl",9.36716826360601,NA,NA,NA,"Ctrl_sub_2","DummyTreatment",NA,NA
"G","G","G","confirmatory","Center_1","Ctrl",9.79530697295881,NA,NA,NA,"Ctrl_sub_2","DummyTreatment",NA,NA
"G","G","G","confirmatory","Center_1","Ctrl",7.63688154588863,NA,NA,NA,"Ctrl_sub_2","DummyTreatment",NA,NA
"G","G","G","confirmatory","Center_1","Ctrl",10.9973160876599,NA,NA,NA,"Ctrl_sub_2","DummyTreatment",NA,NA
"G","G","G","confirmatory","Center_1","Ctrl",13.8356060978786,NA,NA,NA,"Ctrl_sub_3","DummyTreatment",NA,NA
"G","G","G","confirmatory","Center_1","Ctrl",9.50269012624289,NA,NA,NA,"Ctrl_sub_3","DummyTreatment",NA,NA
"G","G","G","confirmatory","Center_1","Ctrl",12.7612874940396,NA,NA,NA,"Ctrl_sub_3","DummyTreatment",NA,NA
"G","G","G","confirmatory","Center_1","Ctrl",10.241214178539,NA,NA,NA,"Ctrl_sub_3","DummyTreatment",NA,NA
"G","G","G","confirmatory","Center_1","Ctrl",9.47903602479987,NA,NA,NA,"Ctrl_sub_3","DummyTreatment",NA,NA
"G","G","G","confirmatory","Center_1","Ctrl",10.6896998713439,NA,NA,NA,"Ctrl_sub_3","DummyTreatment",NA,NA
"G","G","G","confirmatory","Center_1","Ctrl",8.39078591109633,NA,NA,NA,"Ctrl_sub_3","DummyTreatment",NA,NA
"G","G","G","confirmatory","Center_1","Ctrl",12.2171121835116,NA,NA,NA,"Ctrl_sub_3","DummyTreatment",NA,NA
"G","G","G","confirmatory","Center_1","Ctrl",7.7938416770429,NA,NA,NA,"Ctrl_sub_3","DummyTreatment",NA,NA
"G","G","G","confirmatory","Center_1","Ctrl",11.6022608468913,NA,NA,NA,"Ctrl_sub_3","DummyTreatment",NA,NA
"G","G","G","confirmatory","Center_1","Ctrl",7.68816694983266,NA,NA,NA,"Ctrl_sub_4","DummyTreatment",NA,NA
"G","G","G","confirmatory","Center_1","Ctrl",9.74570278634868,NA,NA,NA,"Ctrl_sub_4","DummyTreatment",NA,NA
"G","G","G","confirmatory","Center_1","Ctrl",6.11696324791877,NA,NA,NA,"Ctrl_sub_4","DummyTreatment",NA,NA
"G","G","G","confirmatory","Center_1","Ctrl",12.362361782877,NA,NA,NA,"Ctrl_sub_4","DummyTreatment",NA,NA
"G","G","G","confirmatory","Center_1","Ctrl",13.7198217230863,NA,NA,NA,"Ctrl_sub_4","DummyTreatment",NA,NA
"G","G","G","confirmatory","Center_1","Treated",11.9453060671725,NA,NA,NA,"Treated_sub_1","DummyTreatment",NA,NA
"G","G","G","confirmatory","Center_1","Treated",11.9333393154482,NA,NA,NA,"Treated_sub_1","DummyTreatment",NA,NA
"G","G","G","confirmatory","Center_1","Treated",8.9678647536978,NA,NA,NA,"Treated_sub_1","DummyTreatment",NA,NA
"G","G","G","confirmatory","Center_1","Treated",13.5807706877765,NA,NA,NA,"Treated_sub_1","DummyTreatment",NA,NA
"G","G","G","confirmatory","Center_1","Treated",11.5785316386165,NA,NA,NA,"Treated_sub_1","DummyTreatment",NA,NA
"G","G","G","confirmatory","Center_1","Treated",10.6865141492779,NA,NA,NA,"Treated_sub_1","DummyTreatment",NA,NA
"G","G","G","confirmatory","Center_1","Treated",13.782991506938,NA,NA,NA,"Treated_sub_2","DummyTreatment",NA,NA
"G","G","G","confirmatory","Center_1","Treated",13.6988868848157,NA,NA,NA,"Treated_sub_2","DummyTreatment",NA,NA
"G","G","G","confirmatory","Center_1","Treated",15.221809648296,NA,NA,NA,"Treated_sub_2","DummyTreatment",NA,NA
"G","G","G","confirmatory","Center_1","Treated",12.1105998921125,NA,NA,NA,"Treated_sub_2","DummyTreatment",NA,NA
"G","G","G","confirmatory","Center_1","Treated",14.4107928952132,NA,NA,NA,"Treated_sub_2","DummyTreatment",NA,NA
"G","G","G","confirmatory","Center_1","Treated",8.50743101774031,NA,NA,NA,"Treated_sub_2","DummyTreatment",NA,NA
"G","G","G","confirmatory","Center_1","Treated",10.496253911261,NA,NA,NA,"Treated_sub_2","DummyTreatment",NA,NA
"G","G","G","confirmatory","Center_1","Treated",12.1552444925251,NA,NA,NA,"Treated_sub_2","DummyTreatment",NA,NA
"G","G","G","confirmatory","Center_1","Treated",10.8197897110483,NA,NA,NA,"Treated_sub_2","DummyTreatment",NA,NA
"G","G","G","confirmatory","Center_1","Treated",12.4484365692921,NA,NA,NA,"Treated_sub_2","DummyTreatment",NA,NA
"G","G","G","confirmatory","Center_2","Ctrl",11.0704555199465,NA,NA,NA,"Ctrl_sub_1","DummyTreatment",NA,NA
"G","G","G","confirmatory","Center_2","Ctrl",9.01492106395386,NA,NA,NA,"Ctrl_sub_1","DummyTreatment",NA,NA
"G","G","G","confirmatory","Center_2","Ctrl",9.07434544680016,NA,NA,NA,"Ctrl_sub_1","DummyTreatment",NA,NA
"G","G","G","confirmatory","Center_2","Ctrl",9.69928786154184,NA,NA,NA,"Ctrl_sub_1","DummyTreatment",NA,NA
"G","G","G","confirmatory","Center_2","Ctrl",8.83005916142065,NA,NA,NA,"Ctrl_sub_1","DummyTreatment",NA,NA
"G","G","G","confirmatory","Center_2","Ctrl",6.54698360696859,NA,NA,NA,"Ctrl_sub_1","DummyTreatment",NA,NA
"G","G","G","confirmatory","Center_2","Ctrl",11.208049917332,NA,NA,NA,"Ctrl_sub_1","DummyTreatment",NA,NA
"G","G","G","confirmatory","Center_2","Ctrl",10.0537539794372,NA,NA,NA,"Ctrl_sub_1","DummyTreatment",NA,NA
"G","G","G","confirmatory","Center_2","Ctrl",7.87300418723591,NA,NA,NA,"Ctrl_sub_2","DummyTreatment",NA,NA
"G","G","G","confirmatory","Center_2","Ctrl",7.22390190479588,NA,NA,NA,"Ctrl_sub_2","DummyTreatment",NA,NA
"G","G","G","confirmatory","Center_2","Ctrl",14.1734348689863,NA,NA,NA,"Ctrl_sub_2","DummyTreatment",NA,NA
"G","G","G","confirmatory","Center_2","Ctrl",8.64299370916313,NA,NA,NA,"Ctrl_sub_2","DummyTreatment",NA,NA
"G","G","G","confirmatory","Center_2","Ctrl",6.28885669216392,NA,NA,NA,"Ctrl_sub_2","DummyTreatment",NA,NA
"G","G","G","confirmatory","Center_2","Ctrl",11.0665187255073,NA,NA,NA,"Ctrl_sub_2","DummyTreatment",NA,NA
"G","G","G","confirmatory","Center_2","Ctrl",13.0654366383548,NA,NA,NA,"Ctrl_sub_3","DummyTreatment",NA,NA
"G","G","G","confirmatory","Center_2","Ctrl",13.8473873222391,NA,NA,NA,"Ctrl_sub_3","DummyTreatment",NA,NA
"G","G","G","confirmatory","Center_2","Ctrl",11.1968868757816,NA,NA,NA,"Ctrl_sub_3","DummyTreatment",NA,NA
"G","G","G","confirmatory","Center_2","Ctrl",10.3333261080761,NA,NA,NA,"Ctrl_sub_3","DummyTreatment",NA,NA
"G","G","G","confirmatory","Center_2","Ctrl",10.2743976749464,NA,NA,NA,"Ctrl_sub_3","DummyTreatment",NA,NA
"G","G","G","confirmatory","Center_2","Ctrl",10.6274190207243,NA,NA,NA,"Ctrl_sub_3","DummyTreatment",NA,NA
"G","G","G","confirmatory","Center_2","Ctrl",9.45280243785662,NA,NA,NA,"Ctrl_sub_3","DummyTreatment",NA,NA
"G","G","G","confirmatory","Center_2","Ctrl",12.0968657340444,NA,NA,NA,"Ctrl_sub_3","DummyTreatment",NA,NA
"G","G","G","confirmatory","Center_2","Ctrl",11.3876117035742,NA,NA,NA,"Ctrl_sub_3","DummyTreatment",NA,NA
"G","G","G","confirmatory","Center_2","Treated",12.2476838863889,NA,NA,NA,"Treated_sub_1","DummyTreatment",NA,NA
"G","G","G","confirmatory","Center_2","Treated",12.0750441839265,NA,NA,NA,"Treated_sub_1","DummyTreatment",NA,NA
"G","G","G","confirmatory","Center_2","Treated",12.1318064657431,NA,NA,NA,"Treated_sub_1","DummyTreatment",NA,NA
"G","G","G","confirmatory","Center_2","Treated",14.0567024293622,NA,NA,NA,"Treated_sub_1","DummyTreatment",NA,NA
"G","G","G","confirmatory","Center_2","Treated",10.970278554222,NA,NA,NA,"Treated_sub_1","DummyTreatment",NA,NA
"G","G","G","confirmatory","Center_2","Treated",13.2465528495248,NA,NA,NA,"Treated_sub_1","DummyTreatment",NA,NA
"G","G","G","confirmatory","Center_2","Treated",12.3479061872841,NA,NA,NA,"Treated_sub_1","DummyTreatment",NA,NA
"G","G","G","confirmatory","Center_2","Treated",11.9304382305197,NA,NA,NA,"Treated_sub_1","DummyTreatment",NA,NA
"G","G","G","confirmatory","Center_2","Treated",13.2175580234693,NA,NA,NA,"Treated_sub_2","DummyTreatment",NA,NA
"G","G","G","confirmatory","Center_2","Treated",9.09835137301874,NA,NA,NA,"Treated_sub_2","DummyTreatment",NA,NA
"G","G","G","confirmatory","Center_2","Treated",12.9612511997504,NA,NA,NA,"Treated_sub_2","DummyTreatment",NA,NA
"G","G","G","confirmatory","Center_2","Treated",10.3436514592064,NA,NA,NA,"Treated_sub_2","DummyTreatment",NA,NA
"G","G","G","confirmatory","Center_2","Treated",14.0405060243289,NA,NA,NA,"Treated_sub_2","DummyTreatment",NA,NA
"G","G","G","confirmatory","Center_2","Treated",13.0769640642053,NA,NA,NA,"Treated_sub_2","DummyTreatment",NA,NA
"G","G","G","confirmatory","Center_2","Treated",13.5381045899912,NA,NA,NA,"Treated_sub_2","DummyTreatment",NA,NA
"G","G","G","confirmatory","Center_2","Treated",12.2414386585741,NA,NA,NA,"Treated_sub_2","DummyTreatment",NA,NA
"G","G","G","confirmatory","Center_2","Treated",13.7272968683155,NA,NA,NA,"Treated_sub_2","DummyTreatment",NA,NA
"G","G","G","confirmatory","Center_2","Treated",14.7610290566291,NA,NA,NA,"Treated_sub_2","DummyTreatment",NA,NA
"G","G","G","confirmatory","Center_2","Treated",11.4119977731167,NA,NA,NA,"Treated_sub_3","DummyTreatment",NA,NA
"G","G","G","confirmatory","Center_2","Treated",11.9537547341092,NA,NA,NA,"Treated_sub_3","DummyTreatment",NA,NA
"G","G","G","confirmatory","Center_2","Treated",12.7247987687719,NA,NA,NA,"Treated_sub_3","DummyTreatment",NA,NA
"G","G","G","confirmatory","Center_2","Treated",11.066571234509,NA,NA,NA,"Treated_sub_3","DummyTreatment",NA,NA
"G","G","G","confirmatory","Center_3","Ctrl",8.09458370632332,NA,NA,NA,"Ctrl_sub_1","DummyTreatment",NA,NA
"G","G","G","confirmatory","Center_3","Ctrl",11.3350811573048,NA,NA,NA,"Ctrl_sub_1","DummyTreatment",NA,NA
"G","G","G","confirmatory","Center_3","Ctrl",10.1744770785545,NA,NA,NA,"Ctrl_sub_1","DummyTreatment",NA,NA
"G","G","G","confirmatory","Center_3","Ctrl",9.78158110488334,NA,NA,NA,"Ctrl_sub_1","DummyTreatment",NA,NA
"G","G","G","confirmatory","Center_3","Ctrl",8.6450156056029,NA,NA,NA,"Ctrl_sub_1","DummyTreatment",NA,NA
"G","G","G","confirmatory","Center_3","Ctrl",8.89955251702172,NA,NA,NA,"Ctrl_sub_2","DummyTreatment",NA,NA
"G","G","G","confirmatory","Center_3","Ctrl",10.1825347669765,NA,NA,NA,"Ctrl_sub_2","DummyTreatment",NA,NA
"G","G","G","confirmatory","Center_3","Ctrl",6.0765848022294,NA,NA,NA,"Ctrl_sub_2","DummyTreatment",NA,NA
"G","G","G","confirmatory","Center_3","Ctrl",6.07379395942313,NA,NA,NA,"Ctrl_sub_3","DummyTreatment",NA,NA
"G","G","G","confirmatory","Center_3","Ctrl",9.87739034340269,NA,NA,NA,"Ctrl_sub_3","DummyTreatment",NA,NA
"G","G","G","confirmatory","Center_3","Ctrl",11.7905050751273,NA,NA,NA,"Ctrl_sub_3","DummyTreatment",NA,NA
"G","G","G","confirmatory","Center_3","Ctrl",9.94388245703765,NA,NA,NA,"Ctrl_sub_3","DummyTreatment",NA,NA
"G","G","G","confirmatory","Center_3","Ctrl",8.00050596670016,NA,NA,NA,"Ctrl_sub_3","DummyTreatment",NA,NA
"G","G","G","confirmatory","Center_3","Ctrl",8.54523294182493,NA,NA,NA,"Ctrl_sub_4","DummyTreatment",NA,NA
"G","G","G","confirmatory","Center_3","Ctrl",8.00632203524399,NA,NA,NA,"Ctrl_sub_4","DummyTreatment",NA,NA
"G","G","G","confirmatory","Center_3","Ctrl",7.91662228202098,NA,NA,NA,"Ctrl_sub_4","DummyTreatment",NA,NA
"G","G","G","confirmatory","Center_3","Ctrl",9.17082254727265,NA,NA,NA,"Ctrl_sub_4","DummyTreatment",NA,NA
"G","G","G","confirmatory","Center_3","Ctrl",9.52194186369487,NA,NA,NA,"Ctrl_sub_4","DummyTreatment",NA,NA
"G","G","G","confirmatory","Center_3","Ctrl",10.9672350676765,NA,NA,NA,"Ctrl_sub_4","DummyTreatment",NA,NA
"G","G","G","confirmatory","Center_3","Ctrl",9.35735031566322,NA,NA,NA,"Ctrl_sub_4","DummyTreatment",NA,NA
"G","G","G","confirmatory","Center_3","Treated",11.8171314488997,NA,NA,NA,"Treated_sub_1","DummyTreatment",NA,NA
"G","G","G","confirmatory","Center_3","Treated",14.3743736213031,NA,NA,NA,"Treated_sub_1","DummyTreatment",NA,NA
"G","G","G","confirmatory","Center_3","Treated",14.3832025370207,NA,NA,NA,"Treated_sub_1","DummyTreatment",NA,NA
"G","G","G","confirmatory","Center_3","Treated",10.4220735637775,NA,NA,NA,"Treated_sub_1","DummyTreatment",NA,NA
"G","G","G","confirmatory","Center_3","Treated",8.90444691272486,NA,NA,NA,"Treated_sub_1","DummyTreatment",NA,NA
"G","G","G","confirmatory","Center_3","Treated",16.9161209837305,NA,NA,NA,"Treated_sub_1","DummyTreatment",NA,NA
"G","G","G","confirmatory","Center_3","Treated",11.6751561150412,NA,NA,NA,"Treated_sub_1","DummyTreatment",NA,NA
"G","G","G","confirmatory","Center_3","Treated",13.6965089942394,NA,NA,NA,"Treated_sub_2","DummyTreatment",NA,NA
"G","G","G","confirmatory","Center_3","Treated",11.8293608469672,NA,NA,NA,"Treated_sub_2","DummyTreatment",NA,NA
"G","G","G","confirmatory","Center_3","Treated",10.569309809458,NA,NA,NA,"Treated_sub_2","DummyTreatment",NA,NA
"G","G","G","confirmatory","Center_3","Treated",8.91911518941998,NA,NA,NA,"Treated_sub_3","DummyTreatment",NA,NA
"G","G","G","confirmatory","Center_3","Treated",10.6138107719788,NA,NA,NA,"Treated_sub_3","DummyTreatment",NA,NA
"G","G","G","confirmatory","Center_3","Treated",12.2376988660091,NA,NA,NA,"Treated_sub_3","DummyTreatment",NA,NA
"G","G","G","confirmatory","Center_3","Treated",9.27058108402618,NA,NA,NA,"Treated_sub_3","DummyTreatment",NA,NA
"G","G","G","confirmatory","Center_3","Treated",13.1799653587346,NA,NA,NA,"Treated_sub_3","DummyTreatment",NA,NA
"G","G","G","confirmatory","Center_3","Treated",12.5786880576347,NA,NA,NA,"Treated_sub_3","DummyTreatment",NA,NA
"G","G","G","confirmatory","Center_3","Treated",10.1915699487587,NA,NA,NA,"Treated_sub_3","DummyTreatment",NA,NA
"G","G","G","confirmatory","Center_3","Treated",11.0223475381029,NA,NA,NA,"Treated_sub_4","DummyTreatment",NA,NA
"G","G","G","confirmatory","Center_3","Treated",11.15482543731,NA,NA,NA,"Treated_sub_4","DummyTreatment",NA,NA
"G","G","G","confirmatory","Center_3","Treated",12.4064913524887,NA,NA,NA,"Treated_sub_4","DummyTreatment",NA,NA
"G","G","G","confirmatory","Center_3","Treated",14.9904599814207,NA,NA,NA,"Treated_sub_4","DummyTreatment",NA,NA
"G","G","G","confirmatory","Center_3","Treated",9.42942969437675,NA,NA,NA,"Treated_sub_4","DummyTreatment",NA,NA
"G","G","G","confirmatory","Center_3","Treated",16.2930208261804,NA,NA,NA,"Treated_sub_4","DummyTreatment",NA,NA
"G","G","G","confirmatory","Center_4","Ctrl",8.95323571191626,NA,NA,NA,"Ctrl_sub_1","DummyTreatment",NA,NA
"G","G","G","confirmatory","Center_4","Ctrl",11.6868937322087,NA,NA,NA,"Ctrl_sub_1","DummyTreatment",NA,NA
"G","G","G","confirmatory","Center_4","Ctrl",9.39738333173962,NA,NA,NA,"Ctrl_sub_1","DummyTreatment",NA,NA
"G","G","G","confirmatory","Center_4","Ctrl",12.1756830161388,NA,NA,NA,"Ctrl_sub_1","DummyTreatment",NA,NA
"G","G","G","confirmatory","Center_4","Ctrl",10.0818696405934,NA,NA,NA,"Ctrl_sub_1","DummyTreatment",NA,NA
"G","G","G","confirmatory","Center_4","Ctrl",10.5730705034326,NA,NA,NA,"Ctrl_sub_1","DummyTreatment",NA,NA
"G","G","G","confirmatory","Center_4","Ctrl",9.99177318661501,NA,NA,NA,"Ctrl_sub_1","DummyTreatment",NA,NA
"G","G","G","confirmatory","Center_4","Ctrl",11.3736264075039,NA,NA,NA,"Ctrl_sub_1","DummyTreatment",NA,NA
"G","G","G","confirmatory","Center_4","Ctrl",9.71064084076821,NA,NA,NA,"Ctrl_sub_1","DummyTreatment",NA,NA
"G","G","G","confirmatory","Center_4","Ctrl",10.5004956426967,NA,NA,NA,"Ctrl_sub_2","DummyTreatment",NA,NA
"G","G","G","confirmatory","Center_4","Ctrl",11.1277347806118,NA,NA,NA,"Ctrl_sub_2","DummyTreatment",NA,NA
"G","G","G","confirmatory","Center_4","Ctrl",10.3788524750296,NA,NA,NA,"Ctrl_sub_2","DummyTreatment",NA,NA
"G","G","G","confirmatory","Center_4","Ctrl",8.53429238740575,NA,NA,NA,"Ctrl_sub_2","DummyTreatment",NA,NA
"G","G","G","confirmatory","Center_4","Ctrl",11.9727317197909,NA,NA,NA,"Ctrl_sub_2","DummyTreatment",NA,NA
"G","G","G","confirmatory","Center_4","Ctrl",13.4772675338125,NA,NA,NA,"Ctrl_sub_2","DummyTreatment",NA,NA
"G","G","G","confirmatory","Center_4","Ctrl",11.7623576178509,NA,NA,NA,"Ctrl_sub_2","DummyTreatment",NA,NA
"G","G","G","confirmatory","Center_4","Ctrl",6.11269819735205,NA,NA,NA,"Ctrl_sub_2","DummyTreatment",NA,NA
"G","G","G","confirmatory","Center_4","Ctrl",12.7991523708059,NA,NA,NA,"Ctrl_sub_2","DummyTreatment",NA,NA
"G","G","G","confirmatory","Center_4","Ctrl",9.8140489376035,NA,NA,NA,"Ctrl_sub_3","DummyTreatment",NA,NA
"G","G","G","confirmatory","Center_4","Ctrl",6.98083359026979,NA,NA,NA,"Ctrl_sub_3","DummyTreatment",NA,NA
"G","G","G","confirmatory","Center_4","Ctrl",9.47221610339882,NA,NA,NA,"Ctrl_sub_3","DummyTreatment",NA,NA
"G","G","G","confirmatory","Center_4","Ctrl",11.1973150823702,NA,NA,NA,"Ctrl_sub_3","DummyTreatment",NA,NA
"G","G","G","confirmatory","Center_4","Ctrl",16.6086596886789,NA,NA,NA,"Ctrl_sub_3","DummyTreatment",NA,NA
"G","G","G","confirmatory","Center_4","Ctrl",11.8942095554132,NA,NA,NA,"Ctrl_sub_3","DummyTreatment",NA,NA
"G","G","G","confirmatory","Center_4","Ctrl",7.56919695068157,NA,NA,NA,"Ctrl_sub_3","DummyTreatment",NA,NA
"G","G","G","confirmatory","Center_4","Ctrl",11.7843507418395,NA,NA,NA,"Ctrl_sub_3","DummyTreatment",NA,NA
"G","G","G","confirmatory","Center_4","Ctrl",6.67715926075749,NA,NA,NA,"Ctrl_sub_3","DummyTreatment",NA,NA
"G","G","G","confirmatory","Center_4","Ctrl",9.59270008084441,NA,NA,NA,"Ctrl_sub_3","DummyTreatment",NA,NA
"G","G","G","confirmatory","Center_4","Ctrl",5.57873377884876,NA,NA,NA,"Ctrl_sub_4","DummyTreatment",NA,NA
"G","G","G","confirmatory","Center_4","Ctrl",15.3834280064922,NA,NA,NA,"Ctrl_sub_4","DummyTreatment",NA,NA
"G","G","G","confirmatory","Center_4","Ctrl",9.03464635640738,NA,NA,NA,"Ctrl_sub_4","DummyTreatment",NA,NA
"G","G","G","confirmatory","Center_4","Ctrl",14.7494694301908,NA,NA,NA,"Ctrl_sub_4","DummyTreatment",NA,NA
"G","G","G","confirmatory","Center_4","Ctrl",10.74928713601,NA,NA,NA,"Ctrl_sub_4","DummyTreatment",NA,NA
"G","G","G","confirmatory","Center_4","Treated",11.7805793576475,NA,NA,NA,"Treated_sub_1","DummyTreatment",NA,NA
"G","G","G","confirmatory","Center_4","Treated",13.0229415093963,NA,NA,NA,"Treated_sub_1","DummyTreatment",NA,NA
"G","G","G","confirmatory","Center_4","Treated",12.4279159592845,NA,NA,NA,"Treated_sub_1","DummyTreatment",NA,NA
"G","G","G","confirmatory","Center_4","Treated",11.627758601253,NA,NA,NA,"Treated_sub_1","DummyTreatment",NA,NA
"G","G","G","confirmatory","Center_4","Treated",11.759212350755,NA,NA,NA,"Treated_sub_1","DummyTreatment",NA,NA
"G","G","G","confirmatory","Center_4","Treated",14.0256686716885,NA,NA,NA,"Treated_sub_1","DummyTreatment",NA,NA
"G","G","G","confirmatory","Center_4","Treated",11.597083706057,NA,NA,NA,"Treated_sub_1","DummyTreatment",NA,NA
"G","G","G","confirmatory","Center_4","Treated",7.9246350111184,NA,NA,NA,"Treated_sub_1","DummyTreatment",NA,NA
"G","G","G","confirmatory","Center_4","Treated",10.2546935959119,NA,NA,NA,"Treated_sub_2","DummyTreatment",NA,NA
"G","G","G","confirmatory","Center_4","Treated",7.57814778405649,NA,NA,NA,"Treated_sub_2","DummyTreatment",NA,NA
"G","G","G","confirmatory","Center_4","Treated",11.6611139982423,NA,NA,NA,"Treated_sub_2","DummyTreatment",NA,NA
"G","G","G","confirmatory","Center_4","Treated",7.60214557227651,NA,NA,NA,"Treated_sub_2","DummyTreatment",NA,NA
"G","G","G","confirmatory","Center_4","Treated",11.5880968760306,NA,NA,NA,"Treated_sub_2","DummyTreatment",NA,NA
"G","G","G","confirmatory","Center_4","Treated",10.4542203118607,NA,NA,NA,"Treated_sub_2","DummyTreatment",NA,NA
"G","G","G","confirmatory","Center_4","Treated",13.0188185850647,NA,NA,NA,"Treated_sub_2","DummyTreatment",NA,NA
"G","G","G","confirmatory","Center_4","Treated",11.5666985785367,NA,NA,NA,"Treated_sub_2","DummyTreatment",NA,NA
"G","G","G","confirmatory","Center_4","Treated",10.6511148153336,NA,NA,NA,"Treated_sub_2","DummyTreatment",NA,NA
"G","G","G","confirmatory","Center_4","Treated",10.5347443928889,NA,NA,NA,"Treated_sub_2","DummyTreatment",NA,NA
"G","G","G","confirmatory","Center_4","Treated",8.66414390844136,NA,NA,NA,"Treated_sub_3","DummyTreatment",NA,NA
"G","G","G","confirmatory","Center_4","Treated",11.1263400461738,NA,NA,NA,"Treated_sub_3","DummyTreatment",NA,NA
"G","G","G","confirmatory","Center_4","Treated",12.9149241587149,NA,NA,NA,"Treated_sub_3","DummyTreatment",NA,NA
"G","G","G","confirmatory","Center_4","Treated",8.76445246923755,NA,NA,NA,"Treated_sub_3","DummyTreatment",NA,NA
"G","G","G","confirmatory","Center_4","Treated",15.9563686012645,NA,NA,NA,"Treated_sub_4","DummyTreatment",NA,NA
"G","G","G","confirmatory","Center_4","Treated",9.29970776822073,NA,NA,NA,"Treated_sub_4","DummyTreatment",NA,NA
"G","G","G","confirmatory","Center_4","Treated",11.4709586285986,NA,NA,NA,"Treated_sub_4","DummyTreatment",NA,NA
"G","G","G","confirmatory","Center_5","Ctrl",8.86162769561889,NA,NA,NA,"Ctrl_sub_1","DummyTreatment",NA,NA
"G","G","G","confirmatory","Center_5","Ctrl",14.6654388858709,NA,NA,NA,"Ctrl_sub_1","DummyTreatment",NA,NA
"G","G","G","confirmatory","Center_5","Ctrl",9.02191131927031,NA,NA,NA,"Ctrl_sub_1","DummyTreatment",NA,NA
"G","G","G","confirmatory","Center_5","Ctrl",8.46175145838514,NA,NA,NA,"Ctrl_sub_1","DummyTreatment",NA,NA
"G","G","G","confirmatory","Center_5","Ctrl",8.06760191005386,NA,NA,NA,"Ctrl_sub_1","DummyTreatment",NA,NA
"G","G","G","confirmatory","Center_5","Ctrl",12.5361001395094,NA,NA,NA,"Ctrl_sub_1","DummyTreatment",NA,NA
"G","G","G","confirmatory","Center_5","Ctrl",12.2066646055832,NA,NA,NA,"Ctrl_sub_1","DummyTreatment",NA,NA
"G","G","G","confirmatory","Center_5","Ctrl",6.1553900357031,NA,NA,NA,"Ctrl_sub_1","DummyTreatment",NA,NA
"G","G","G","confirmatory","Center_5","Ctrl",6.08358965068615,NA,NA,NA,"Ctrl_sub_2","DummyTreatment",NA,NA
"G","G","G","confirmatory","Center_5","Ctrl",6.22734968253491,NA,NA,NA,"Ctrl_sub_2","DummyTreatment",NA,NA
"G","G","G","confirmatory","Center_5","Ctrl",8.69244035047979,NA,NA,NA,"Ctrl_sub_2","DummyTreatment",NA,NA
"G","G","G","confirmatory","Center_5","Ctrl",10.7887896959612,NA,NA,NA,"Ctrl_sub_2","DummyTreatment",NA,NA
"G","G","G","confirmatory","Center_5","Ctrl",7.48694623690976,NA,NA,NA,"Ctrl_sub_3","DummyTreatment",NA,NA
"G","G","G","confirmatory","Center_5","Ctrl",10.6504914418166,NA,NA,NA,"Ctrl_sub_3","DummyTreatment",NA,NA
"G","G","G","confirmatory","Center_5","Ctrl",9.44599893696627,NA,NA,NA,"Ctrl_sub_3","DummyTreatment",NA,NA
"G","G","G","confirmatory","Center_5","Ctrl",9.22197799157675,NA,NA,NA,"Ctrl_sub_3","DummyTreatment",NA,NA
"G","G","G","confirmatory","Center_5","Ctrl",12.420787814362,NA,NA,NA,"Ctrl_sub_3","DummyTreatment",NA,NA
"G","G","G","confirmatory","Center_5","Ctrl",10.4698331830281,NA,NA,NA,"Ctrl_sub_3","DummyTreatment",NA,NA
"G","G","G","confirmatory","Center_5","Treated",10.1565557422127,NA,NA,NA,"Treated_sub_1","DummyTreatment",NA,NA
"G","G","G","confirmatory","Center_5","Treated",10.9158081080364,NA,NA,NA,"Treated_sub_1","DummyTreatment",NA,NA
"G","G","G","confirmatory","Center_5","Treated",9.69757483451345,NA,NA,NA,"Treated_sub_1","DummyTreatment",NA,NA
"G","G","G","confirmatory","Center_5","Treated",13.8351148492948,NA,NA,NA,"Treated_sub_1","DummyTreatment",NA,NA
"G","G","G","confirmatory","Center_5","Treated",8.62668547663919,NA,NA,NA,"Treated_sub_1","DummyTreatment",NA,NA
"G","G","G","confirmatory","Center_5","Treated",9.72829445107003,NA,NA,NA,"Treated_sub_1","DummyTreatment",NA,NA
"G","G","G","confirmatory","Center_5","Treated",11.8472826391048,NA,NA,NA,"Treated_sub_1","DummyTreatment",NA,NA
"G","G","G","confirmatory","Center_5","Treated",13.2280027298854,NA,NA,NA,"Treated_sub_1","DummyTreatment",NA,NA
"G","G","G","confirmatory","Center_5","Treated",16.3228316926056,NA,NA,NA,"Treated_sub_2","DummyTreatment",NA,NA
"G","G","G","confirmatory","Center_5","Treated",12.5526310642716,NA,NA,NA,"Treated_sub_2","DummyTreatment",NA,NA
"G","G","G","confirmatory","Center_5","Treated",11.6834119426001,NA,NA,NA,"Treated_sub_2","DummyTreatment",NA,NA
"G","G","G","confirmatory","Center_5","Treated",6.98416439560549,NA,NA,NA,"Treated_sub_2","DummyTreatment",NA,NA
"G","G","G","confirmatory","Center_5","Treated",8.86943646993893,NA,NA,NA,"Treated_sub_2","DummyTreatment",NA,NA
"G","G","G","confirmatory","Center_5","Treated",11.8446535987789,NA,NA,NA,"Treated_sub_2","DummyTreatment",NA,NA
"G","G","G","confirmatory","Center_5","Treated",12.4125880896862,NA,NA,NA,"Treated_sub_2","DummyTreatment",NA,NA
"G","G","G","confirmatory","Center_5","Treated",12.5537449177232,NA,NA,NA,"Treated_sub_2","DummyTreatment",NA,NA
"G","G","G","confirmatory","Center_6","Ctrl",9.61169518135909,NA,NA,NA,"Ctrl_sub_1","DummyTreatment",NA,NA
"G","G","G","confirmatory","Center_6","Ctrl",12.4291775889651,NA,NA,NA,"Ctrl_sub_1","DummyTreatment",NA,NA
"G","G","G","confirmatory","Center_6","Ctrl",8.15696791426085,NA,NA,NA,"Ctrl_sub_1","DummyTreatment",NA,NA
"G","G","G","confirmatory","Center_6","Ctrl",7.58311455911387,NA,NA,NA,"Ctrl_sub_1","DummyTreatment",NA,NA
"G","G","G","confirmatory","Center_6","Ctrl",7.54202764489237,NA,NA,NA,"Ctrl_sub_1","DummyTreatment",NA,NA
"G","G","G","confirmatory","Center_6","Ctrl",11.484594048373,NA,NA,NA,"Ctrl_sub_1","DummyTreatment",NA,NA
"G","G","G","confirmatory","Center_6","Ctrl",9.83416011532155,NA,NA,NA,"Ctrl_sub_1","DummyTreatment",NA,NA
"G","G","G","confirmatory","Center_6","Ctrl",12.2968931442327,NA,NA,NA,"Ctrl_sub_2","DummyTreatment",NA,NA
"G","G","G","confirmatory","Center_6","Ctrl",7.43346464791962,NA,NA,NA,"Ctrl_sub_2","DummyTreatment",NA,NA
"G","G","G","confirmatory","Center_6","Ctrl",11.1789105548841,NA,NA,NA,"Ctrl_sub_2","DummyTreatment",NA,NA
"G","G","G","confirmatory","Center_6","Ctrl",9.40326780163688,NA,NA,NA,"Ctrl_sub_2","DummyTreatment",NA,NA
"G","G","G","confirmatory","Center_6","Treated",14.4026165259691,NA,NA,NA,"Treated_sub_1","DummyTreatment",NA,NA
"G","G","G","confirmatory","Center_6","Treated",13.5731042389185,NA,NA,NA,"Treated_sub_1","DummyTreatment",NA,NA
"G","G","G","confirmatory","Center_6","Treated",8.43117099851253,NA,NA,NA,"Treated_sub_1","DummyTreatment",NA,NA
"G","G","G","confirmatory","Center_6","Treated",12.7279943958447,NA,NA,NA,"Treated_sub_1","DummyTreatment",NA,NA
"G","G","G","confirmatory","Center_6","Treated",11.493630457572,NA,NA,NA,"Treated_sub_1","DummyTreatment",NA,NA
"G","G","G","confirmatory","Center_6","Treated",11.4440562258877,NA,NA,NA,"Treated_sub_1","DummyTreatment",NA,NA
"G","G","G","confirmatory","Center_6","Treated",10.8722623175051,NA,NA,NA,"Treated_sub_1","DummyTreatment",NA,NA
"G","G","G","confirmatory","Center_6","Treated",12.2959195225873,NA,NA,NA,"Treated_sub_1","DummyTreatment",NA,NA
"G","G","G","confirmatory","Center_6","Treated",13.3194319517541,NA,NA,NA,"Treated_sub_1","DummyTreatment",NA,NA
"G","G","G","confirmatory","Center_6","Treated",12.1124296987657,NA,NA,NA,"Treated_sub_2","DummyTreatment",NA,NA
"G","G","G","confirmatory","Center_6","Treated",12.5981738066723,NA,NA,NA,"Treated_sub_2","DummyTreatment",NA,NA
"G","G","G","confirmatory","Center_6","Treated",10.4812037654022,NA,NA,NA,"Treated_sub_2","DummyTreatment",NA,NA
"G","G","G","confirmatory","Center_6","Treated",11.1141861945324,NA,NA,NA,"Treated_sub_3","DummyTreatment",NA,NA
"G","G","G","confirmatory","Center_6","Treated",8.38452080871717,NA,NA,NA,"Treated_sub_3","DummyTreatment",NA,NA
"G","G","G","confirmatory","Center_6","Treated",12.490181508425,NA,NA,NA,"Treated_sub_3","DummyTreatment",NA,NA
"G","G","G","confirmatory","Center_6","Treated",15.3460157702738,NA,NA,NA,"Treated_sub_3","DummyTreatment",NA,NA
"G","G","G","confirmatory","Center_6","Treated",9.23341169737388,NA,NA,NA,"Treated_sub_3","DummyTreatment",NA,NA
"G","G","G","confirmatory","Center_7","Ctrl",12.0129353370091,NA,NA,NA,"Ctrl_sub_1","DummyTreatment",NA,NA
"G","G","G","confirmatory","Center_7","Ctrl",10.7851410172403,NA,NA,NA,"Ctrl_sub_1","DummyTreatment",NA,NA
"G","G","G","confirmatory","Center_7","Ctrl",8.22761349985662,NA,NA,NA,"Ctrl_sub_1","DummyTreatment",NA,NA
"G","G","G","confirmatory","Center_7","Ctrl",9.80517500299474,NA,NA,NA,"Ctrl_sub_2","DummyTreatment",NA,NA
"G","G","G","confirmatory","Center_7","Ctrl",12.0329104354043,NA,NA,NA,"Ctrl_sub_2","DummyTreatment",NA,NA
"G","G","G","confirmatory","Center_7","Ctrl",7.68766521148029,NA,NA,NA,"Ctrl_sub_2","DummyTreatment",NA,NA
"G","G","G","confirmatory","Center_7","Ctrl",14.641720447989,NA,NA,NA,"Ctrl_sub_2","DummyTreatment",NA,NA
"G","G","G","confirmatory","Center_7","Ctrl",8.79293750442333,NA,NA,NA,"Ctrl_sub_2","DummyTreatment",NA,NA
"G","G","G","confirmatory","Center_7","Ctrl",7.08230117112382,NA,NA,NA,"Ctrl_sub_2","DummyTreatment",NA,NA
"G","G","G","confirmatory","Center_7","Ctrl",9.29816434561386,NA,NA,NA,"Ctrl_sub_2","DummyTreatment",NA,NA
"G","G","G","confirmatory","Center_7","Ctrl",10.29341696829,NA,NA,NA,"Ctrl_sub_2","DummyTreatment",NA,NA
"G","G","G","confirmatory","Center_7","Ctrl",13.2472424153605,NA,NA,NA,"Ctrl_sub_2","DummyTreatment",NA,NA
"G","G","G","confirmatory","Center_7","Ctrl",11.8224193535426,NA,NA,NA,"Ctrl_sub_2","DummyTreatment",NA,NA
"G","G","G","confirmatory","Center_7","Ctrl",9.03018613961937,NA,NA,NA,"Ctrl_sub_3","DummyTreatment",NA,NA
"G","G","G","confirmatory","Center_7","Ctrl",11.5439645485883,NA,NA,NA,"Ctrl_sub_3","DummyTreatment",NA,NA
"G","G","G","confirmatory","Center_7","Ctrl",10.8008892198578,NA,NA,NA,"Ctrl_sub_3","DummyTreatment",NA,NA
"G","G","G","confirmatory","Center_7","Treated",11.7322103067609,NA,NA,NA,"Treated_sub_1","DummyTreatment",NA,NA
"G","G","G","confirmatory","Center_7","Treated",15.0604028508295,NA,NA,NA,"Treated_sub_1","DummyTreatment",NA,NA
"G","G","G","confirmatory","Center_7","Treated",12.5131485636882,NA,NA,NA,"Treated_sub_1","DummyTreatment",NA,NA
"G","G","G","confirmatory","Center_7","Treated",13.7509796699083,NA,NA,NA,"Treated_sub_1","DummyTreatment",NA,NA
"G","G","G","confirmatory","Center_7","Treated",14.0905665818065,NA,NA,NA,"Treated_sub_1","DummyTreatment",NA,NA
"G","G","G","confirmatory","Center_7","Treated",12.2872464693255,NA,NA,NA,"Treated_sub_2","DummyTreatment",NA,NA
"G","G","G","confirmatory","Center_7","Treated",9.8008981165945,NA,NA,NA,"Treated_sub_2","DummyTreatment",NA,NA
"G","G","G","confirmatory","Center_7","Treated",13.8070328527234,NA,NA,NA,"Treated_sub_2","DummyTreatment",NA,NA
"G","G","G","confirmatory","Center_8","Ctrl",13.9014420128023,NA,NA,NA,"Ctrl_sub_1","DummyTreatment",NA,NA
"G","G","G","confirmatory","Center_8","Ctrl",11.595201315179,NA,NA,NA,"Ctrl_sub_1","DummyTreatment",NA,NA
"G","G","G","confirmatory","Center_8","Ctrl",13.6865325091556,NA,NA,NA,"Ctrl_sub_1","DummyTreatment",NA,NA
"G","G","G","confirmatory","Center_8","Ctrl",12.4928478173233,NA,NA,NA,"Ctrl_sub_1","DummyTreatment",NA,NA
"G","G","G","confirmatory","Center_8","Ctrl",9.73625017635197,NA,NA,NA,"Ctrl_sub_1","DummyTreatment",NA,NA
"G","G","G","confirmatory","Center_8","Ctrl",5.81348696185897,NA,NA,NA,"Ctrl_sub_2","DummyTreatment",NA,NA
"G","G","G","confirmatory","Center_8","Ctrl",9.97911687694485,NA,NA,NA,"Ctrl_sub_2","DummyTreatment",NA,NA
"G","G","G","confirmatory","Center_8","Ctrl",14.8226921561583,NA,NA,NA,"Ctrl_sub_2","DummyTreatment",NA,NA
"G","G","G","confirmatory","Center_8","Ctrl",9.20638860098039,NA,NA,NA,"Ctrl_sub_2","DummyTreatment",NA,NA
"G","G","G","confirmatory","Center_8","Ctrl",12.6658852756298,NA,NA,NA,"Ctrl_sub_2","DummyTreatment",NA,NA
"G","G","G","confirmatory","Center_8","Ctrl",10.71210977479,NA,NA,NA,"Ctrl_sub_2","DummyTreatment",NA,NA
"G","G","G","confirmatory","Center_8","Ctrl",10.5125222388104,NA,NA,NA,"Ctrl_sub_2","DummyTreatment",NA,NA
"G","G","G","confirmatory","Center_8","Ctrl",9.78831355339091,NA,NA,NA,"Ctrl_sub_2","DummyTreatment",NA,NA
"G","G","G","confirmatory","Center_8","Ctrl",8.68183574356209,NA,NA,NA,"Ctrl_sub_2","DummyTreatment",NA,NA
"G","G","G","confirmatory","Center_8","Ctrl",8.01898473906688,NA,NA,NA,"Ctrl_sub_3","DummyTreatment",NA,NA
"G","G","G","confirmatory","Center_8","Ctrl",11.1240827801981,NA,NA,NA,"Ctrl_sub_3","DummyTreatment",NA,NA
"G","G","G","confirmatory","Center_8","Ctrl",7.76716717613292,NA,NA,NA,"Ctrl_sub_3","DummyTreatment",NA,NA
"G","G","G","confirmatory","Center_8","Ctrl",13.6570609162707,NA,NA,NA,"Ctrl_sub_3","DummyTreatment",NA,NA
"G","G","G","confirmatory","Center_8","Ctrl",10.9211826989562,NA,NA,NA,"Ctrl_sub_3","DummyTreatment",NA,NA
"G","G","G","confirmatory","Center_8","Ctrl",8.59799277549346,NA,NA,NA,"Ctrl_sub_3","DummyTreatment",NA,NA
"G","G","G","confirmatory","Center_8","Ctrl",10.4820918650024,NA,NA,NA,"Ctrl_sub_3","DummyTreatment",NA,NA
"G","G","G","confirmatory","Center_8","Ctrl",9.13224410141598,NA,NA,NA,"Ctrl_sub_4","DummyTreatment",NA,NA
"G","G","G","confirmatory","Center_8","Ctrl",13.4696734669795,NA,NA,NA,"Ctrl_sub_4","DummyTreatment",NA,NA
"G","G","G","confirmatory","Center_8","Ctrl",10.0515420533928,NA,NA,NA,"Ctrl_sub_4","DummyTreatment",NA,NA
"G","G","G","confirmatory","Center_8","Ctrl",12.0375997353957,NA,NA,NA,"Ctrl_sub_4","DummyTreatment",NA,NA
"G","G","G","confirmatory","Center_8","Ctrl",10.8791263535411,NA,NA,NA,"Ctrl_sub_4","DummyTreatment",NA,NA
"G","G","G","confirmatory","Center_8","Ctrl",6.71028849103137,NA,NA,NA,"Ctrl_sub_4","DummyTreatment",NA,NA
"G","G","G","confirmatory","Center_8","Ctrl",10.4168531046078,NA,NA,NA,"Ctrl_sub_4","DummyTreatment",NA,NA
"G","G","G","confirmatory","Center_8","Treated",12.4931305734591,NA,NA,NA,"Treated_sub_1","DummyTreatment",NA,NA
"G","G","G","confirmatory","Center_8","Treated",12.9876552230658,NA,NA,NA,"Treated_sub_1","DummyTreatment",NA,NA
"G","G","G","confirmatory","Center_8","Treated",11.8289871111169,NA,NA,NA,"Treated_sub_1","DummyTreatment",NA,NA
"G","G","G","confirmatory","Center_8","Treated",12.5207229814731,NA,NA,NA,"Treated_sub_2","DummyTreatment",NA,NA
"G","G","G","confirmatory","Center_8","Treated",17.1508995274468,NA,NA,NA,"Treated_sub_2","DummyTreatment",NA,NA
"G","G","G","confirmatory","Center_8","Treated",9.62942237882555,NA,NA,NA,"Treated_sub_2","DummyTreatment",NA,NA
"G","G","G","confirmatory","Center_8","Treated",12.2018397180257,NA,NA,NA,"Treated_sub_2","DummyTreatment",NA,NA
"G","G","G","confirmatory","Center_8","Treated",8.44004542406477,NA,NA,NA,"Treated_sub_2","DummyTreatment",NA,NA
"G","G","G","confirmatory","Center_8","Treated",13.1796718459175,NA,NA,NA,"Treated_sub_2","DummyTreatment",NA,NA
"G","G","G","confirmatory","Center_8","Treated",12.0037203753117,NA,NA,NA,"Treated_sub_3","DummyTreatment",NA,NA
"G","G","G","confirmatory","Center_8","Treated",10.3737602541024,NA,NA,NA,"Treated_sub_3","DummyTreatment",NA,NA
"G","G","G","confirmatory","Center_8","Treated",11.0410089310859,NA,NA,NA,"Treated_sub_3","DummyTreatment",NA,NA
"G","G","G","confirmatory","Center_8","Treated",11.034807970909,NA,NA,NA,"Treated_sub_3","DummyTreatment",NA,NA
"G","G","G","confirmatory","Center_8","Treated",13.5374423849202,NA,NA,NA,"Treated_sub_3","DummyTreatment",NA,NA
"G","G","G","confirmatory","Center_8","Treated",11.9079555367763,NA,NA,NA,"Treated_sub_3","DummyTreatment",NA,NA
"G","G","G","confirmatory","Center_8","Treated",13.5197403324988,NA,NA,NA,"Treated_sub_3","DummyTreatment",NA,NA
"G","G","G","confirmatory","Center_8","Treated",12.7300375028661,NA,NA,NA,"Treated_sub_4","DummyTreatment",NA,NA
"G","G","G","confirmatory","Center_8","Treated",13.3303197514919,NA,NA,NA,"Treated_sub_4","DummyTreatment",NA,NA
"G","G","G","confirmatory","Center_8","Treated",14.635641767423,NA,NA,NA,"Treated_sub_4","DummyTreatment",NA,NA
"G","G","G","confirmatory","Center_8","Treated",11.80902481911,NA,NA,NA,"Treated_sub_4","DummyTreatment",NA,NA
"G","G","G","confirmatory","Center_8","Treated",12.3925560909449,NA,NA,NA,"Treated_sub_4","DummyTreatment",NA,NA
"G","G","G","exploratory","Center_1",NA,NA,NA,NA,NA,NA,"DummyTreatment",47,30
"H","H","H","exploratory","Center_1","Ctrl",11.0014144779169,NA,NA,NA,"Ctrl_sub_1","DummyTreatment",NA,NA
"H","H","H","exploratory","Center_1","Ctrl",12.2196172282961,NA,NA,NA,"Ctrl_sub_1","DummyTreatment",NA,NA
"H","H","H","exploratory","Center_1","Ctrl",8.47751611681512,NA,NA,NA,"Ctrl_sub_1","DummyTreatment",NA,NA
"H","H","H","exploratory","Center_1","Ctrl",12.4142321977576,NA,NA,NA,"Ctrl_sub_1","DummyTreatment",NA,NA
"H","H","H","exploratory","Center_1","Ctrl",8.84916471745767,NA,NA,NA,"Ctrl_sub_2","DummyTreatment",NA,NA
"H","H","H","exploratory","Center_1","Ctrl",8.6263686951146,NA,NA,NA,"Ctrl_sub_2","DummyTreatment",NA,NA
"H","H","H","exploratory","Center_1","Ctrl",8.55845273635976,NA,NA,NA,"Ctrl_sub_2","DummyTreatment",NA,NA
"H","H","H","exploratory","Center_1","Ctrl",9.57099096920045,NA,NA,NA,"Ctrl_sub_2","DummyTreatment",NA,NA
"H","H","H","exploratory","Center_1","Ctrl",9.21660775424121,NA,NA,NA,"Ctrl_sub_3","DummyTreatment",NA,NA
"H","H","H","exploratory","Center_1","Ctrl",7.86289052688381,NA,NA,NA,"Ctrl_sub_3","DummyTreatment",NA,NA
"H","H","H","exploratory","Center_1","Ctrl",8.62259381640521,NA,NA,NA,"Ctrl_sub_3","DummyTreatment",NA,NA
"H","H","H","exploratory","Center_1","Ctrl",11.5752906097395,NA,NA,NA,"Ctrl_sub_3","DummyTreatment",NA,NA
"H","H","H","exploratory","Center_1","Ctrl",9.45100021411538,NA,NA,NA,"Ctrl_sub_3","DummyTreatment",NA,NA
"H","H","H","exploratory","Center_1","Ctrl",10.5176035438554,NA,NA,NA,"Ctrl_sub_3","DummyTreatment",NA,NA
"H","H","H","exploratory","Center_1","Treated",13.2576604595736,NA,NA,NA,"Treated_sub_1","DummyTreatment",NA,NA
"H","H","H","exploratory","Center_1","Treated",12.2920351332936,NA,NA,NA,"Treated_sub_1","DummyTreatment",NA,NA
"H","H","H","exploratory","Center_1","Treated",13.866768962703,NA,NA,NA,"Treated_sub_1","DummyTreatment",NA,NA
"H","H","H","exploratory","Center_1","Treated",11.717476485435,NA,NA,NA,"Treated_sub_2","DummyTreatment",NA,NA
"H","H","H","exploratory","Center_1","Treated",9.98924483681317,NA,NA,NA,"Treated_sub_2","DummyTreatment",NA,NA
"H","H","H","exploratory","Center_1","Treated",12.3123114145507,NA,NA,NA,"Treated_sub_2","DummyTreatment",NA,NA
"H","H","H","exploratory","Center_1","Treated",13.2124231194392,NA,NA,NA,"Treated_sub_3","DummyTreatment",NA,NA
"H","H","H","exploratory","Center_1","Treated",12.5818735602759,NA,NA,NA,"Treated_sub_3","DummyTreatment",NA,NA
"H","H","H","exploratory","Center_1","Treated",12.3281185181424,NA,NA,NA,"Treated_sub_3","DummyTreatment",NA,NA
"H","H","H","exploratory","Center_1","Treated",12.6561211796377,NA,NA,NA,"Treated_sub_3","DummyTreatment",NA,NA
"H","H","H","exploratory","Center_1","Treated",9.22007380406652,NA,NA,NA,"Treated_sub_3","DummyTreatment",NA,NA
"H","H","H","exploratory","Center_1","Treated",12.9752637582928,NA,NA,NA,"Treated_sub_3","DummyTreatment",NA,NA
"H","H","H","exploratory","Center_1","Treated",9.89172403212599,NA,NA,NA,"Treated_sub_3","DummyTreatment",NA,NA
"H","H","H","exploratory","Center_1","Treated",11.9320577264992,NA,NA,NA,"Treated_sub_3","DummyTreatment",NA,NA
"H","H","H","exploratory","Center_1","Treated",12.3134059747515,NA,NA,NA,"Treated_sub_4","DummyTreatment",NA,NA
"H","H","H","exploratory","Center_1","Treated",12.093467055036,NA,NA,NA,"Treated_sub_4","DummyTreatment",NA,NA
"H","H","H","exploratory","Center_1","Treated",12.1931716681649,NA,NA,NA,"Treated_sub_4","DummyTreatment",NA,NA
"H","H","H","exploratory","Center_1","Treated",12.1395324618006,NA,NA,NA,"Treated_sub_4","DummyTreatment",NA,NA
"H","H","H","exploratory","Center_1","Treated",8.30305444932467,NA,NA,NA,"Treated_sub_4","DummyTreatment",NA,NA
"H","H","H","exploratory","Center_1","Treated",8.65774588271551,NA,NA,NA,"Treated_sub_4","DummyTreatment",NA,NA
"H","H","H","exploratory","Center_1","Treated",11.8449220664176,NA,NA,NA,"Treated_sub_4","DummyTreatment",NA,NA
"H","H","H","exploratory","Center_1","Treated",10.837865238867,NA,NA,NA,"Treated_sub_4","DummyTreatment",NA,NA
"H","H","H","confirmatory","Center_1","Ctrl",5.77758325347894,NA,NA,NA,"Ctrl_sub_1","DummyTreatment",NA,NA
"H","H","H","confirmatory","Center_1","Ctrl",7.00260349094648,NA,NA,NA,"Ctrl_sub_1","DummyTreatment",NA,NA
"H","H","H","confirmatory","Center_1","Ctrl",7.79703312212252,NA,NA,NA,"Ctrl_sub_1","DummyTreatment",NA,NA
"H","H","H","confirmatory","Center_1","Ctrl",8.69877290965242,NA,NA,NA,"Ctrl_sub_2","DummyTreatment",NA,NA
"H","H","H","confirmatory","Center_1","Ctrl",11.4351376905109,NA,NA,NA,"Ctrl_sub_2","DummyTreatment",NA,NA
"H","H","H","confirmatory","Center_1","Ctrl",8.76206932738479,NA,NA,NA,"Ctrl_sub_2","DummyTreatment",NA,NA
"H","H","H","confirmatory","Center_1","Ctrl",9.87015003452071,NA,NA,NA,"Ctrl_sub_2","DummyTreatment",NA,NA
"H","H","H","confirmatory","Center_1","Ctrl",11.5131646069723,NA,NA,NA,"Ctrl_sub_2","DummyTreatment",NA,NA
"H","H","H","confirmatory","Center_1","Ctrl",7.97154097035621,NA,NA,NA,"Ctrl_sub_2","DummyTreatment",NA,NA
"H","H","H","confirmatory","Center_1","Ctrl",7.75079265748353,NA,NA,NA,"Ctrl_sub_3","DummyTreatment",NA,NA
"H","H","H","confirmatory","Center_1","Ctrl",9.38906072018039,NA,NA,NA,"Ctrl_sub_3","DummyTreatment",NA,NA
"H","H","H","confirmatory","Center_1","Ctrl",8.96648110051253,NA,NA,NA,"Ctrl_sub_3","DummyTreatment",NA,NA
"H","H","H","confirmatory","Center_1","Ctrl",13.0247908536649,NA,NA,NA,"Ctrl_sub_3","DummyTreatment",NA,NA
"H","H","H","confirmatory","Center_1","Ctrl",8.46103015421945,NA,NA,NA,"Ctrl_sub_3","DummyTreatment",NA,NA
"H","H","H","confirmatory","Center_1","Ctrl",9.83582619244856,NA,NA,NA,"Ctrl_sub_3","DummyTreatment",NA,NA
"H","H","H","confirmatory","Center_1","Ctrl",11.5742672286454,NA,NA,NA,"Ctrl_sub_3","DummyTreatment",NA,NA
"H","H","H","confirmatory","Center_1","Ctrl",9.07374999218352,NA,NA,NA,"Ctrl_sub_4","DummyTreatment",NA,NA
"H","H","H","confirmatory","Center_1","Ctrl",8.23089108964151,NA,NA,NA,"Ctrl_sub_4","DummyTreatment",NA,NA
"H","H","H","confirmatory","Center_1","Ctrl",9.79489198638275,NA,NA,NA,"Ctrl_sub_4","DummyTreatment",NA,NA
"H","H","H","confirmatory","Center_1","Ctrl",8.35357145937443,NA,NA,NA,"Ctrl_sub_4","DummyTreatment",NA,NA
"H","H","H","confirmatory","Center_1","Ctrl",7.82157606865988,NA,NA,NA,"Ctrl_sub_4","DummyTreatment",NA,NA
"H","H","H","confirmatory","Center_1","Ctrl",9.75497732422567,NA,NA,NA,"Ctrl_sub_4","DummyTreatment",NA,NA
"H","H","H","confirmatory","Center_1","Ctrl",8.65840202896461,NA,NA,NA,"Ctrl_sub_4","DummyTreatment",NA,NA
"H","H","H","confirmatory","Center_1","Ctrl",8.05587099632183,NA,NA,NA,"Ctrl_sub_4","DummyTreatment",NA,NA
"H","H","H","confirmatory","Center_1","Ctrl",7.98253850493823,NA,NA,NA,"Ctrl_sub_4","DummyTreatment",NA,NA
"H","H","H","confirmatory","Center_1","Ctrl",12.4898220427053,NA,NA,NA,"Ctrl_sub_4","DummyTreatment",NA,NA
"H","H","H","confirmatory","Center_1","Treated",11.7413897125853,NA,NA,NA,"Treated_sub_1","DummyTreatment",NA,NA
"H","H","H","confirmatory","Center_1","Treated",9.87950361436619,NA,NA,NA,"Treated_sub_1","DummyTreatment",NA,NA
"H","H","H","confirmatory","Center_1","Treated",12.0723784405446,NA,NA,NA,"Treated_sub_1","DummyTreatment",NA,NA
"H","H","H","confirmatory","Center_1","Treated",12.5917790335894,NA,NA,NA,"Treated_sub_1","DummyTreatment",NA,NA
"H","H","H","confirmatory","Center_1","Treated",8.81572156797843,NA,NA,NA,"Treated_sub_1","DummyTreatment",NA,NA
"H","H","H","confirmatory","Center_1","Treated",10.4679734653096,NA,NA,NA,"Treated_sub_1","DummyTreatment",NA,NA
"H","H","H","confirmatory","Center_1","Treated",10.7582820487553,NA,NA,NA,"Treated_sub_1","DummyTreatment",NA,NA
"H","H","H","confirmatory","Center_1","Treated",12.5513424463579,NA,NA,NA,"Treated_sub_1","DummyTreatment",NA,NA
"H","H","H","confirmatory","Center_1","Treated",10.2529608100562,NA,NA,NA,"Treated_sub_1","DummyTreatment",NA,NA
"H","H","H","confirmatory","Center_1","Treated",10.6027124160486,NA,NA,NA,"Treated_sub_1","DummyTreatment",NA,NA
"H","H","H","confirmatory","Center_1","Treated",17.5947822939162,NA,NA,NA,"Treated_sub_2","DummyTreatment",NA,NA
"H","H","H","confirmatory","Center_1","Treated",17.664452047831,NA,NA,NA,"Treated_sub_2","DummyTreatment",NA,NA
"H","H","H","confirmatory","Center_1","Treated",9.56257636741964,NA,NA,NA,"Treated_sub_2","DummyTreatment",NA,NA
"H","H","H","confirmatory","Center_1","Treated",12.9380639119108,NA,NA,NA,"Treated_sub_2","DummyTreatment",NA,NA
"H","H","H","confirmatory","Center_1","Treated",11.5775061627357,NA,NA,NA,"Treated_sub_2","DummyTreatment",NA,NA
"H","H","H","confirmatory","Center_1","Treated",12.374102293108,NA,NA,NA,"Treated_sub_2","DummyTreatment",NA,NA
"H","H","H","confirmatory","Center_1","Treated",12.4550854571376,NA,NA,NA,"Treated_sub_2","DummyTreatment",NA,NA
"H","H","H","confirmatory","Center_1","Treated",9.4761990742619,NA,NA,NA,"Treated_sub_2","DummyTreatment",NA,NA
"H","H","H","confirmatory","Center_1","Treated",12.5711791604851,NA,NA,NA,"Treated_sub_2","DummyTreatment",NA,NA
"H","H","H","confirmatory","Center_1","Treated",15.4984947262836,NA,NA,NA,"Treated_sub_2","DummyTreatment",NA,NA
"H","H","H","confirmatory","Center_2","Ctrl",9.67414657860309,NA,NA,NA,"Ctrl_sub_1","DummyTreatment",NA,NA
"H","H","H","confirmatory","Center_2","Ctrl",12.7971440126749,NA,NA,NA,"Ctrl_sub_1","DummyTreatment",NA,NA
"H","H","H","confirmatory","Center_2","Ctrl",11.7967924813659,NA,NA,NA,"Ctrl_sub_1","DummyTreatment",NA,NA
"H","H","H","confirmatory","Center_2","Ctrl",6.70301036323743,NA,NA,NA,"Ctrl_sub_1","DummyTreatment",NA,NA
"H","H","H","confirmatory","Center_2","Ctrl",10.4571139465244,NA,NA,NA,"Ctrl_sub_1","DummyTreatment",NA,NA
"H","H","H","confirmatory","Center_2","Ctrl",13.3070944693555,NA,NA,NA,"Ctrl_sub_1","DummyTreatment",NA,NA
"H","H","H","confirmatory","Center_2","Ctrl",12.8305526998383,NA,NA,NA,"Ctrl_sub_1","DummyTreatment",NA,NA
"H","H","H","confirmatory","Center_2","Ctrl",10.8399032076285,NA,NA,NA,"Ctrl_sub_1","DummyTreatment",NA,NA
"H","H","H","confirmatory","Center_2","Ctrl",11.4424416142258,NA,NA,NA,"Ctrl_sub_1","DummyTreatment",NA,NA
"H","H","H","confirmatory","Center_2","Ctrl",12.0840632232112,NA,NA,NA,"Ctrl_sub_2","DummyTreatment",NA,NA
"H","H","H","confirmatory","Center_2","Ctrl",11.9596322290869,NA,NA,NA,"Ctrl_sub_2","DummyTreatment",NA,NA
"H","H","H","confirmatory","Center_2","Ctrl",5.36815296364094,NA,NA,NA,"Ctrl_sub_2","DummyTreatment",NA,NA
"H","H","H","confirmatory","Center_2","Ctrl",8.77245433723869,NA,NA,NA,"Ctrl_sub_2","DummyTreatment",NA,NA
"H","H","H","confirmatory","Center_2","Ctrl",13.0072610648779,NA,NA,NA,"Ctrl_sub_2","DummyTreatment",NA,NA
"H","H","H","confirmatory","Center_2","Ctrl",12.7231960140723,NA,NA,NA,"Ctrl_sub_2","DummyTreatment",NA,NA
"H","H","H","confirmatory","Center_2","Ctrl",9.49478189502981,NA,NA,NA,"Ctrl_sub_2","DummyTreatment",NA,NA
"H","H","H","confirmatory","Center_2","Ctrl",10.1098239396793,NA,NA,NA,"Ctrl_sub_3","DummyTreatment",NA,NA
"H","H","H","confirmatory","Center_2","Ctrl",13.6443776436708,NA,NA,NA,"Ctrl_sub_3","DummyTreatment",NA,NA
"H","H","H","confirmatory","Center_2","Ctrl",7.9553053428495,NA,NA,NA,"Ctrl_sub_3","DummyTreatment",NA,NA
"H","H","H","confirmatory","Center_2","Ctrl",11.2122605228712,NA,NA,NA,"Ctrl_sub_3","DummyTreatment",NA,NA
"H","H","H","confirmatory","Center_2","Treated",11.4783355123322,NA,NA,NA,"Treated_sub_1","DummyTreatment",NA,NA
"H","H","H","confirmatory","Center_2","Treated",12.9281824677048,NA,NA,NA,"Treated_sub_1","DummyTreatment",NA,NA
"H","H","H","confirmatory","Center_2","Treated",9.95919881863214,NA,NA,NA,"Treated_sub_1","DummyTreatment",NA,NA
"H","H","H","confirmatory","Center_2","Treated",9.37309816696319,NA,NA,NA,"Treated_sub_1","DummyTreatment",NA,NA
"H","H","H","confirmatory","Center_2","Treated",11.0110382490332,NA,NA,NA,"Treated_sub_1","DummyTreatment",NA,NA
"H","H","H","confirmatory","Center_2","Treated",11.5747137276123,NA,NA,NA,"Treated_sub_2","DummyTreatment",NA,NA
"H","H","H","confirmatory","Center_2","Treated",9.01095770010696,NA,NA,NA,"Treated_sub_2","DummyTreatment",NA,NA
"H","H","H","confirmatory","Center_2","Treated",11.2477596934126,NA,NA,NA,"Treated_sub_2","DummyTreatment",NA,NA
"H","H","H","confirmatory","Center_2","Treated",12.9409854639077,NA,NA,NA,"Treated_sub_3","DummyTreatment",NA,NA
"H","H","H","confirmatory","Center_2","Treated",10.0966409139657,NA,NA,NA,"Treated_sub_3","DummyTreatment",NA,NA
"H","H","H","confirmatory","Center_2","Treated",14.3158209331373,NA,NA,NA,"Treated_sub_3","DummyTreatment",NA,NA
"H","H","H","confirmatory","Center_2","Treated",13.1694105204827,NA,NA,NA,"Treated_sub_3","DummyTreatment",NA,NA
"H","H","H","exploratory","Center_1",NA,NA,NA,NA,NA,NA,"DummyTreatment",21,10
"I","I","I","exploratory","Center_1","Ctrl",8.45447729697018,NA,NA,NA,NA,"DummyTreatment",NA,NA
"I","I","I","exploratory","Center_1","Ctrl",6.06350060904073,NA,NA,NA,NA,"DummyTreatment",NA,NA
"I","I","I","exploratory","Center_1","Ctrl",11.9962250852339,NA,NA,NA,NA,"DummyTreatment",NA,NA
"I","I","I","exploratory","Center_1","Ctrl",10.8363567353504,NA,NA,NA,NA,"DummyTreatment",NA,NA
"I","I","I","exploratory","Center_1","Ctrl",8.44365365582577,NA,NA,NA,NA,"DummyTreatment",NA,NA
"I","I","I","exploratory","Center_1","Ctrl",6.065303976921,NA,NA,NA,NA,"DummyTreatment",NA,NA
"I","I","I","exploratory","Center_1","Ctrl",10.1200547226936,NA,NA,NA,NA,"DummyTreatment",NA,NA
"I","I","I","exploratory","Center_1","Treated",10.0481466143562,NA,NA,NA,NA,"DummyTreatment",NA,NA
"I","I","I","exploratory","Center_1","Treated",9.82170961823097,NA,NA,NA,NA,"DummyTreatment",NA,NA
"I","I","I","exploratory","Center_1","Treated",12.9155739158899,NA,NA,NA,NA,"DummyTreatment",NA,NA
"I","I","I","exploratory","Center_1","Treated",11.8577465325582,NA,NA,NA,NA,"DummyTreatment",NA,NA
"I","I","I","exploratory","Center_1","Treated",15.5582053337029,NA,NA,NA,NA,"DummyTreatment",NA,NA
"I","I","I","exploratory","Center_1","Treated",13.0702759209924,NA,NA,NA,NA,"DummyTreatment",NA,NA
"I","I","I","exploratory","Center_1","Treated",11.256110249673,NA,NA,NA,NA,"DummyTreatment",NA,NA
"I","I","I","exploratory","Center_1","Treated",9.94891550300577,NA,NA,NA,NA,"DummyTreatment",NA,NA
"I","I","I","exploratory","Center_1","Treated",10.8351966507895,NA,NA,NA,NA,"DummyTreatment",NA,NA
"I","I","I","exploratory","Center_1","Treated",12.6857767857947,NA,NA,NA,NA,"DummyTreatment",NA,NA
"I","I","I","exploratory","Center_1","Treated",11.0981307058867,NA,NA,NA,NA,"DummyTreatment",NA,NA
"I","I","I","exploratory","Center_1","Treated",13.0284602404614,NA,NA,NA,NA,"DummyTreatment",NA,NA
"I","I","I","exploratory","Center_1","Treated",11.3313238956604,NA,NA,NA,NA,"DummyTreatment",NA,NA
"I","I","I","exploratory","Center_1","Treated",11.788880182411,NA,NA,NA,NA,"DummyTreatment",NA,NA
"I","I","I","exploratory","Center_1","Treated",10.5389806543843,NA,NA,NA,NA,"DummyTreatment",NA,NA
"I","I","I","confirmatory","Center_1","Ctrl",7.69366426121782,NA,NA,NA,NA,"DummyTreatment",NA,NA
"I","I","I","confirmatory","Center_1","Ctrl",11.0711104389728,NA,NA,NA,NA,"DummyTreatment",NA,NA
"I","I","I","confirmatory","Center_1","Ctrl",15.3967901914099,NA,NA,NA,NA,"DummyTreatment",NA,NA
"I","I","I","confirmatory","Center_1","Ctrl",14.6581564536246,NA,NA,NA,NA,"DummyTreatment",NA,NA
"I","I","I","confirmatory","Center_1","Ctrl",9.68156924047612,NA,NA,NA,NA,"DummyTreatment",NA,NA
"I","I","I","confirmatory","Center_1","Ctrl",9.74294200860997,NA,NA,NA,NA,"DummyTreatment",NA,NA
"I","I","I","confirmatory","Center_1","Ctrl",9.62966374648765,NA,NA,NA,NA,"DummyTreatment",NA,NA
"I","I","I","confirmatory","Center_1","Ctrl",6.71761851925659,NA,NA,NA,NA,"DummyTreatment",NA,NA
"I","I","I","confirmatory","Center_1","Ctrl",12.0088402915568,NA,NA,NA,NA,"DummyTreatment",NA,NA
"I","I","I","confirmatory","Center_1","Ctrl",11.6258743682677,NA,NA,NA,NA,"DummyTreatment",NA,NA
"I","I","I","confirmatory","Center_1","Ctrl",10.8299532138233,NA,NA,NA,NA,"DummyTreatment",NA,NA
"I","I","I","confirmatory","Center_1","Ctrl",9.82828187110178,NA,NA,NA,NA,"DummyTreatment",NA,NA
"I","I","I","confirmatory","Center_1","Ctrl",6.18358218882995,NA,NA,NA,NA,"DummyTreatment",NA,NA
"I","I","I","confirmatory","Center_1","Ctrl",11.326503967752,NA,NA,NA,NA,"DummyTreatment",NA,NA
"I","I","I","confirmatory","Center_1","Ctrl",11.3233714627363,NA,NA,NA,NA,"DummyTreatment",NA,NA
"I","I","I","confirmatory","Center_1","Ctrl",8.10783089581257,NA,NA,NA,NA,"DummyTreatment",NA,NA
"I","I","I","confirmatory","Center_1","Ctrl",12.9568659147198,NA,NA,NA,NA,"DummyTreatment",NA,NA
"I","I","I","confirmatory","Center_1","Treated",12.968198775905,NA,NA,NA,NA,"DummyTreatment",NA,NA
"I","I","I","confirmatory","Center_1","Treated",11.510232441815,NA,NA,NA,NA,"DummyTreatment",NA,NA
"I","I","I","confirmatory","Center_1","Treated",13.8319841158804,NA,NA,NA,NA,"DummyTreatment",NA,NA
"I","I","I","confirmatory","Center_1","Treated",13.6012447130195,NA,NA,NA,NA,"DummyTreatment",NA,NA
"I","I","I","confirmatory","Center_1","Treated",10.1268619317284,NA,NA,NA,NA,"DummyTreatment",NA,NA
"I","I","I","confirmatory","Center_1","Treated",9.19842513200854,NA,NA,NA,NA,"DummyTreatment",NA,NA
"I","I","I","confirmatory","Center_1","Treated",12.3205550799864,NA,NA,NA,NA,"DummyTreatment",NA,NA
"I","I","I","confirmatory","Center_1","Treated",11.4520752504496,NA,NA,NA,NA,"DummyTreatment",NA,NA
"I","I","I","confirmatory","Center_1","Treated",10.0289217748754,NA,NA,NA,NA,"DummyTreatment",NA,NA
"I","I","I","confirmatory","Center_1","Treated",12.1678613590301,NA,NA,NA,NA,"DummyTreatment",NA,NA
"I","I","I","confirmatory","Center_2","Ctrl",10.7165174132097,NA,NA,NA,NA,"DummyTreatment",NA,NA
"I","I","I","confirmatory","Center_2","Ctrl",8.98291526851089,NA,NA,NA,NA,"DummyTreatment",NA,NA
"I","I","I","confirmatory","Center_2","Ctrl",10.6769681593756,NA,NA,NA,NA,"DummyTreatment",NA,NA
"I","I","I","confirmatory","Center_2","Ctrl",6.73630148107951,NA,NA,NA,NA,"DummyTreatment",NA,NA
"I","I","I","confirmatory","Center_2","Ctrl",5.97513519752492,NA,NA,NA,NA,"DummyTreatment",NA,NA
"I","I","I","confirmatory","Center_2","Ctrl",9.11294478517511,NA,NA,NA,NA,"DummyTreatment",NA,NA
"I","I","I","confirmatory","Center_2","Ctrl",8.20225520791117,NA,NA,NA,NA,"DummyTreatment",NA,NA
"I","I","I","confirmatory","Center_2","Ctrl",12.1503529459498,NA,NA,NA,NA,"DummyTreatment",NA,NA
"I","I","I","confirmatory","Center_2","Ctrl",10.7609460350805,NA,NA,NA,NA,"DummyTreatment",NA,NA
"I","I","I","confirmatory","Center_2","Ctrl",9.83003404031148,NA,NA,NA,NA,"DummyTreatment",NA,NA
"I","I","I","confirmatory","Center_2","Ctrl",8.62233471312973,NA,NA,NA,NA,"DummyTreatment",NA,NA
"I","I","I","confirmatory","Center_2","Ctrl",13.6788003477754,NA,NA,NA,NA,"DummyTreatment",NA,NA
"I","I","I","confirmatory","Center_2","Ctrl",10.7928661429285,NA,NA,NA,NA,"DummyTreatment",NA,NA
"I","I","I","confirmatory","Center_2","Ctrl",13.7396547656157,NA,NA,NA,NA,"DummyTreatment",NA,NA
"I","I","I","confirmatory","Center_2","Ctrl",12.2354009694768,NA,NA,NA,NA,"DummyTreatment",NA,NA
"I","I","I","confirmatory","Center_2","Ctrl",11.5513664457735,NA,NA,NA,NA,"DummyTreatment",NA,NA
"I","I","I","confirmatory","Center_2","Treated",18.3680889481327,NA,NA,NA,NA,"DummyTreatment",NA,NA
"I","I","I","confirmatory","Center_2","Treated",11.8999254642247,NA,NA,NA,NA,"DummyTreatment",NA,NA
"I","I","I","confirmatory","Center_2","Treated",11.112501376267,NA,NA,NA,NA,"DummyTreatment",NA,NA
"I","I","I","confirmatory","Center_2","Treated",12.5997305002723,NA,NA,NA,NA,"DummyTreatment",NA,NA
"I","I","I","confirmatory","Center_2","Treated",8.86315075849006,NA,NA,NA,NA,"DummyTreatment",NA,NA
"I","I","I","confirmatory","Center_2","Treated",12.9806052853441,NA,NA,NA,NA,"DummyTreatment",NA,NA
"I","I","I","confirmatory","Center_2","Treated",11.8076735978401,NA,NA,NA,NA,"DummyTreatment",NA,NA
"I","I","I","confirmatory","Center_2","Treated",12.9370502450603,NA,NA,NA,NA,"DummyTreatment",NA,NA
"I","I","I","confirmatory","Center_2","Treated",10.0352587281243,NA,NA,NA,NA,"DummyTreatment",NA,NA
"I","I","I","confirmatory","Center_2","Treated",9.95403231570411,NA,NA,NA,NA,"DummyTreatment",NA,NA
"I","I","I","confirmatory","Center_2","Treated",10.6131706734476,NA,NA,NA,NA,"DummyTreatment",NA,NA
"I","I","I","confirmatory","Center_2","Treated",10.4640208538144,NA,NA,NA,NA,"DummyTreatment",NA,NA
"I","I","I","confirmatory","Center_2","Treated",14.5980999333672,NA,NA,NA,NA,"DummyTreatment",NA,NA
"I","I","I","confirmatory","Center_2","Treated",15.1582911236162,NA,NA,NA,NA,"DummyTreatment",NA,NA
"I","I","I","confirmatory","Center_2","Treated",11.6862160939219,NA,NA,NA,NA,"DummyTreatment",NA,NA
"I","I","I","exploratory","Center_1",NA,NA,NA,NA,NA,NA,"DummyTreatment",49,20
"J","J","J","exploratory","Center_1","Ctrl",10.0164687820994,NA,NA,NA,NA,"DummyTreatment",NA,NA
"J","J","J","exploratory","Center_1","Ctrl",8.09380287334929,NA,NA,NA,NA,"DummyTreatment",NA,NA
"J","J","J","exploratory","Center_1","Ctrl",7.55218379641075,NA,NA,NA,NA,"DummyTreatment",NA,NA
"J","J","J","exploratory","Center_1","Ctrl",10.22595812353,NA,NA,NA,NA,"DummyTreatment",NA,NA
"J","J","J","exploratory","Center_1","Ctrl",12.5803915444033,NA,NA,NA,NA,"DummyTreatment",NA,NA
"J","J","J","exploratory","Center_1","Ctrl",9.60548042864442,NA,NA,NA,NA,"DummyTreatment",NA,NA
"J","J","J","exploratory","Center_1","Ctrl",8.57579624262667,NA,NA,NA,NA,"DummyTreatment",NA,NA
"J","J","J","exploratory","Center_1","Ctrl",12.3143079140904,NA,NA,NA,NA,"DummyTreatment",NA,NA
"J","J","J","exploratory","Center_1","Ctrl",12.1365233127489,NA,NA,NA,NA,"DummyTreatment",NA,NA
"J","J","J","exploratory","Center_1","Ctrl",12.4986945230916,NA,NA,NA,NA,"DummyTreatment",NA,NA
"J","J","J","exploratory","Center_1","Ctrl",10.6165851223177,NA,NA,NA,NA,"DummyTreatment",NA,NA
"J","J","J","exploratory","Center_1","Ctrl",8.24580002355264,NA,NA,NA,NA,"DummyTreatment",NA,NA
"J","J","J","exploratory","Center_1","Ctrl",10.8882911661086,NA,NA,NA,NA,"DummyTreatment",NA,NA
"J","J","J","exploratory","Center_1","Ctrl",9.09558467703765,NA,NA,NA,NA,"DummyTreatment",NA,NA
"J","J","J","exploratory","Center_1","Ctrl",4.84712001014134,NA,NA,NA,NA,"DummyTreatment",NA,NA
"J","J","J","exploratory","Center_1","Ctrl",10.7042163022847,NA,NA,NA,NA,"DummyTreatment",NA,NA
"J","J","J","exploratory","Center_1","Ctrl",11.8177516666782,NA,NA,NA,NA,"DummyTreatment",NA,NA
"J","J","J","exploratory","Center_1","Ctrl",10.8432886119171,NA,NA,NA,NA,"DummyTreatment",NA,NA
"J","J","J","exploratory","Center_1","Ctrl",10.4389477940734,NA,NA,NA,NA,"DummyTreatment",NA,NA
"J","J","J","exploratory","Center_1","Treated",11.3337581975521,NA,NA,NA,NA,"DummyTreatment",NA,NA
"J","J","J","exploratory","Center_1","Treated",11.8680781072951,NA,NA,NA,NA,"DummyTreatment",NA,NA
"J","J","J","exploratory","Center_1","Treated",11.7695565811561,NA,NA,NA,NA,"DummyTreatment",NA,NA
"J","J","J","exploratory","Center_1","Treated",10.6989747624509,NA,NA,NA,NA,"DummyTreatment",NA,NA
"J","J","J","exploratory","Center_1","Treated",7.96262268183517,NA,NA,NA,NA,"DummyTreatment",NA,NA
"J","J","J","exploratory","Center_1","Treated",12.6976699403532,NA,NA,NA,NA,"DummyTreatment",NA,NA
"J","J","J","exploratory","Center_1","Treated",13.5232790152937,NA,NA,NA,NA,"DummyTreatment",NA,NA
"J","J","J","exploratory","Center_1","Treated",9.42256752929975,NA,NA,NA,NA,"DummyTreatment",NA,NA
"J","J","J","exploratory","Center_1","Treated",14.9648054369172,NA,NA,NA,NA,"DummyTreatment",NA,NA
"J","J","J","exploratory","Center_1","Treated",12.7703096473745,NA,NA,NA,NA,"DummyTreatment",NA,NA
"J","J","J","exploratory","Center_1","Treated",14.6832805899877,NA,NA,NA,NA,"DummyTreatment",NA,NA
"J","J","J","exploratory","Center_1","Treated",10.0856590575154,NA,NA,NA,NA,"DummyTreatment",NA,NA
"J","J","J","exploratory","Center_1","Treated",12.3335625767085,NA,NA,NA,NA,"DummyTreatment",NA,NA
"J","J","J","exploratory","Center_1","Treated",11.7999720821224,NA,NA,NA,NA,"DummyTreatment",NA,NA
"J","J","J","exploratory","Center_1","Treated",13.5370148637636,NA,NA,NA,NA,"DummyTreatment",NA,NA
"J","J","J","exploratory","Center_1","Treated",10.8482808641746,NA,NA,NA,NA,"DummyTreatment",NA,NA
"J","J","J","exploratory","Center_1","Treated",11.9798046560951,NA,NA,NA,NA,"DummyTreatment",NA,NA
"J","J","J","exploratory","Center_1","Treated",8.44268170251211,NA,NA,NA,NA,"DummyTreatment",NA,NA
"J","J","J","exploratory","Center_1","Treated",10.444757114259,NA,NA,NA,NA,"DummyTreatment",NA,NA
"J","J","J","confirmatory","Center_1","Ctrl",11.1286740232648,NA,NA,NA,NA,"DummyTreatment",NA,NA
"J","J","J","confirmatory","Center_1","Ctrl",12.5146499791318,NA,NA,NA,NA,"DummyTreatment",NA,NA
"J","J","J","confirmatory","Center_1","Ctrl",8.73081433039384,NA,NA,NA,NA,"DummyTreatment",NA,NA
"J","J","J","confirmatory","Center_1","Ctrl",10.848465576056,NA,NA,NA,NA,"DummyTreatment",NA,NA
"J","J","J","confirmatory","Center_1","Ctrl",10.3600623714389,NA,NA,NA,NA,"DummyTreatment",NA,NA
"J","J","J","confirmatory","Center_1","Ctrl",9.54081016115074,NA,NA,NA,NA,"DummyTreatment",NA,NA
"J","J","J","confirmatory","Center_1","Ctrl",9.85358457641268,NA,NA,NA,NA,"DummyTreatment",NA,NA
"J","J","J","confirmatory","Center_1","Ctrl",8.63565514389174,NA,NA,NA,NA,"DummyTreatment",NA,NA
"J","J","J","confirmatory","Center_1","Ctrl",9.83022140124733,NA,NA,NA,NA,"DummyTreatment",NA,NA
"J","J","J","confirmatory","Center_1","Ctrl",13.1648680420935,NA,NA,NA,NA,"DummyTreatment",NA,NA
"J","J","J","confirmatory","Center_1","Ctrl",5.18595033853484,NA,NA,NA,NA,"DummyTreatment",NA,NA
"J","J","J","confirmatory","Center_1","Ctrl",9.37610419989174,NA,NA,NA,NA,"DummyTreatment",NA,NA
"J","J","J","confirmatory","Center_1","Ctrl",7.83591110589159,NA,NA,NA,NA,"DummyTreatment",NA,NA
"J","J","J","confirmatory","Center_1","Ctrl",11.6432877316799,NA,NA,NA,NA,"DummyTreatment",NA,NA
"J","J","J","confirmatory","Center_1","Ctrl",11.1108529410738,NA,NA,NA,NA,"DummyTreatment",NA,NA
"J","J","J","confirmatory","Center_1","Ctrl",5.35594516612228,NA,NA,NA,NA,"DummyTreatment",NA,NA
"J","J","J","confirmatory","Center_1","Ctrl",9.85439422004768,NA,NA,NA,NA,"DummyTreatment",NA,NA
"J","J","J","confirmatory","Center_1","Ctrl",15.1931349744501,NA,NA,NA,NA,"DummyTreatment",NA,NA
"J","J","J","confirmatory","Center_1","Treated",12.7458231904175,NA,NA,NA,NA,"DummyTreatment",NA,NA
"J","J","J","confirmatory","Center_1","Treated",13.2397001491374,NA,NA,NA,NA,"DummyTreatment",NA,NA
"J","J","J","confirmatory","Center_1","Treated",10.4849796786083,NA,NA,NA,NA,"DummyTreatment",NA,NA
"J","J","J","confirmatory","Center_1","Treated",13.7030493630124,NA,NA,NA,NA,"DummyTreatment",NA,NA
"J","J","J","confirmatory","Center_1","Treated",10.5041400581674,NA,NA,NA,NA,"DummyTreatment",NA,NA
"J","J","J","confirmatory","Center_1","Treated",13.260479659308,NA,NA,NA,NA,"DummyTreatment",NA,NA
"J","J","J","confirmatory","Center_1","Treated",14.1933232662071,NA,NA,NA,NA,"DummyTreatment",NA,NA
"J","J","J","confirmatory","Center_2","Ctrl",5.49150553543391,NA,NA,NA,NA,"DummyTreatment",NA,NA
"J","J","J","confirmatory","Center_2","Ctrl",7.44499881808822,NA,NA,NA,NA,"DummyTreatment",NA,NA
"J","J","J","confirmatory","Center_2","Ctrl",9.67011719106832,NA,NA,NA,NA,"DummyTreatment",NA,NA
"J","J","J","confirmatory","Center_2","Ctrl",9.17083652475143,NA,NA,NA,NA,"DummyTreatment",NA,NA
"J","J","J","confirmatory","Center_2","Ctrl",11.9057619141548,NA,NA,NA,NA,"DummyTreatment",NA,NA
"J","J","J","confirmatory","Center_2","Ctrl",9.39963509904876,NA,NA,NA,NA,"DummyTreatment",NA,NA
"J","J","J","confirmatory","Center_2","Ctrl",9.97862252547666,NA,NA,NA,NA,"DummyTreatment",NA,NA
"J","J","J","confirmatory","Center_2","Ctrl",12.0382509538336,NA,NA,NA,NA,"DummyTreatment",NA,NA
"J","J","J","confirmatory","Center_2","Ctrl",11.3513463218355,NA,NA,NA,NA,"DummyTreatment",NA,NA
"J","J","J","confirmatory","Center_2","Ctrl",9.44500389376168,NA,NA,NA,NA,"DummyTreatment",NA,NA
"J","J","J","confirmatory","Center_2","Ctrl",11.3078182782201,NA,NA,NA,NA,"DummyTreatment",NA,NA
"J","J","J","confirmatory","Center_2","Treated",9.67612488480606,NA,NA,NA,NA,"DummyTreatment",NA,NA
"J","J","J","confirmatory","Center_2","Treated",8.82182061170914,NA,NA,NA,NA,"DummyTreatment",NA,NA
"J","J","J","confirmatory","Center_2","Treated",12.8391660785927,NA,NA,NA,NA,"DummyTreatment",NA,NA
"J","J","J","confirmatory","Center_2","Treated",10.014143300488,NA,NA,NA,NA,"DummyTreatment",NA,NA
"J","J","J","confirmatory","Center_2","Treated",7.67090582934205,NA,NA,NA,NA,"DummyTreatment",NA,NA
"J","J","J","confirmatory","Center_2","Treated",10.7248624698391,NA,NA,NA,NA,"DummyTreatment",NA,NA
"J","J","J","confirmatory","Center_2","Treated",11.2187294970504,NA,NA,NA,NA,"DummyTreatment",NA,NA
"J","J","J","confirmatory","Center_2","Treated",13.7135709475562,NA,NA,NA,NA,"DummyTreatment",NA,NA
"J","J","J","exploratory","Center_1",NA,NA,NA,NA,NA,NA,"DummyTreatment",25,21
